"GDP per capita, current prices
 (U.S. dollars per capita)",1980,1981,1982,1983,1984,1985,1986,1987,1988,1989,1990,1991,1992,1993,1994,1995,1996,1997,1998,1999,2000,2001,2002,2003,2004,2005,2006,2007,2008,2009,2010,2011,2012,2013,2014,2015,2016,2017,2018,2019,2020,2021,2022,2023,2024,2025,2026
,,,,,,,,,,,,,,,,,,,,,,,,,,,,,,,,,,,,,,,,,,,,,,,
Afghanistan,no data,no data,no data,no data,no data,no data,no data,no data,no data,no data,no data,no data,no data,no data,no data,no data,no data,no data,no data,no data,no data,no data,233.433,233.755,254.259,294.396,320.674,381.502,447.746,511.374,631.49,714.7,784.611,754.402,746.922,705.597,617.126,635.789,582.323,586.204,611.268,no data,no data,no data,no data,no data,no data
Albania,728.359,817.734,824.542,815.529,788.332,788.801,855.724,832.245,805.046,860.784,675.736,408.022,259.75,452.623,736.028,903.989,1009.967,717.381,818.32,1032.264,1127.64,1283.573,1425.125,1846.119,2373.58,2673.773,2972.745,3595.053,4370.562,4114.09,4097.833,4439.89,4248.909,4415.598,4584.917,3953.609,4124.405,4525.889,5254.455,5305.074,5152.563,5837.18,6284.027,6622.85,7027.58,7445.972,7880.292
Algeria,2268.607,2305.505,2254.328,2316.679,2432.717,2753.697,2698.915,2705.111,2143.742,2127.866,2473.512,1819.984,1873.422,1894.946,1542.974,1499.143,1643.265,1658.732,1633.09,1630.071,1794.695,1768.577,1806.86,2128.386,2636.479,3141.027,3508.959,3986.564,4943.502,3890.524,4480.719,5447.6,5575.653,5477.055,5466.329,4153.322,3918.941,4079.653,4118.735,3939.536,3337.317,3638.328,3672.463,3696.736,3673.804,3632.977,3596.424
Andorra,no data,no data,no data,no data,no data,no data,no data,no data,no data,no data,no data,no data,no data,no data,no data,no data,no data,no data,no data,no data,no data,no data,no data,no data,no data,no data,no data,no data,no data,no data,49030.229,51957.313,45713.97,45630.195,46299.282,38877.485,39595.317,40017.741,42229.903,40688.491,36630.55,40417.265,42713.076,44321.894,45773.988,46863.749,47842.558
Angola,745.119,679.02,661.52,671.804,693.779,758.525,690.446,769.563,812.794,920.268,986.639,928.506,695.059,489.755,346.239,419.529,525.403,599.077,493.041,452.677,652.11,619.697,841.42,951.969,1222.038,1862.424,2561.859,3099.087,4081.688,3146.802,3641.444,4716.253,5245.023,5436.516,5625.736,4354.921,3676.826,4300.097,3465.062,2805.261,1881.195,2200.675,2276.746,2338.754,2422.663,2526.502,2602.675
Antigua and Barbuda,1920.249,2177.087,2448.585,2752.968,3200.985,3763.974,4617.61,5455.264,6547.259,7273.247,7623.434,7927.588,8084.427,8474.038,9097.243,8675.237,9266.473,9678.32,10074.75,10349.52,10931.312,10411.422,10478.949,10902.081,11583.241,12745.807,14270.113,16009.204,16529.945,14661.515,13564.679,13295.364,13811.081,13392.222,13951.99,14696.894,15556.009,15655.225,16860.955,17451.554,13967.327,14117.844,15196.337,16137.467,16950.964,17633.718,18228.012
Argentina,8361.209,6671.428,3257.853,3962.735,4374.783,3248.745,3857.027,3909.984,4524.498,2867.307,4857.796,6429.454,7653.711,7796.24,8378.735,8295.123,8645.455,9196.516,9283.175,8709.072,8638.543,8085.356,2997.621,3761.088,4314.098,5163.55,5976.082,7315.726,9146.79,8337.811,10412.974,12787.806,13889.792,14488.829,13208.831,14895.316,12772.868,14618.327,11786.433,10054.023,8571.937,9929.154,10448.387,10189.261,10337.879,10723.003,11129.621
Armenia,no data,no data,no data,no data,no data,no data,no data,no data,no data,no data,no data,no data,31.321,247.884,196.98,399.576,503.774,521.869,608.415,597.241,620.638,692.287,779.122,923.387,1180.399,1628.063,2128.151,3079.031,3913.436,2911.763,3121.778,3417.172,3575.529,3732.035,3889.004,3529.026,3524,3868.906,4195.963,4596.861,4267.487,4594.912,5083.216,5453.164,5861.556,6304.909,6776.742
Aruba,no data,no data,no data,no data,no data,no data,no data,no data,no data,no data,no data,no data,no data,no data,no data,16548.717,16620.854,17750.489,18825.012,19215.013,20681.023,20740.133,21307.248,21949.486,23700.632,24172.085,24845.658,26736.576,28172.189,25134.771,24084.879,25656.881,25006.763,25641.782,25883.616,27126.62,27036.925,27897.42,28727.937,29505.344,22483.486,25700.865,27955.237,30008.078,31056.4,31841.689,32627.183
Australia,10987.053,12505.14,12212.046,11570.453,12551.717,10947.212,11224.322,12974.458,16215.803,18168.815,18835.271,18630.745,18082.412,17425.027,19703.535,20868.823,23106.51,22989.516,20347.559,21727.093,20850.527,19431.829,21648.337,27213.272,32761.405,36139.685,37876.237,45102.976,49149.233,45684.731,56459.924,67208.486,68445.119,65174.719,61648.081,51484.642,51915.239,55914.998,56460.904,54476.913,52905.397,62618.587,64895.02,67842.292,70479.929,73061.696,75670.284
Austria,10731.955,9280.728,9267.664,9417.235,8882.629,9090.795,12886.095,16093.014,17632.815,17547.811,21827.44,22621.881,25068.398,24152.659,25725.557,30350.529,29820.596,26737.482,27399.085,27210.471,24636.471,24558.922,26508.32,32298.607,36883.892,38450.609,40674.883,46922.558,51914.013,48111.662,46955.173,51452.276,48616.903,50747.384,51814.424,44267.809,45278.829,47317.911,51246.153,50246.607,48592.707,53793.367,57878.724,60403.543,63314.957,67294.419,70818.949
Azerbaijan,no data,no data,no data,no data,no data,no data,no data,no data,no data,no data,no data,no data,159.971,174.875,297.162,316.227,411.14,508.043,543.344,576.005,656.386,674.783,760.812,879.863,1039.818,1571.292,2458.421,3818.274,5578.556,4963.769,5880.806,7242.806,7545.873,7926.094,7939.169,5300.136,3897.707,4217.653,4759.796,4826.352,4232.319,5167.377,5307.832,5364.755,5455.404,5573.413,5714.515
"Bahamas, The",12289.314,12493.753,13746.78,14958.645,15627.015,16797.762,17850.61,19326.111,19683.611,21814.311,20456.262,19767.718,19417.219,18979.009,19660.92,20271.252,20974.536,21951.759,23300.801,25780.476,26669.435,27060.507,28477.061,28043.46,28239.074,30269.034,30908.205,31894.394,31248.603,29296.493,29303.257,28906.973,30433.05,29462.756,30937.315,32648.639,32565.036,33191.208,34094.369,34575.624,25734.158,27437.197,30584.624,32368.222,34008.957,35092.861,36069.75
Bahrain,10189.612,11061.394,11221.699,11117.659,11163.436,10182.368,7695.805,8049.364,9602.789,9668.043,10179.632,10252.365,10536.823,11290.27,11777.073,12143.091,12298.65,12422.116,11565.971,12210.221,14214.58,13894.343,13501.551,14486.061,15963.978,17966.224,19267.567,20908.338,23236.055,19465.292,20827.719,24080.43,25434.451,25965.311,25398.315,22659.374,22641.276,23631.585,25049.64,25925.275,23589.957,26293.947,27052.974,27678.477,28412.123,29209.052,30038.179
Bangladesh,283.284,273.372,249.371,235.351,257.242,269.294,269.762,287.665,301.593,320.657,337.603,341.254,340.031,335.752,349.359,381.778,399.703,407.248,416.99,424.225,425.728,418.961,420.891,445.932,479.362,499.591,509.61,558.087,634.979,702.264,781.154,861.541,882.763,982.072,1118.861,1248.888,1401.509,1563.812,1693.77,1854.668,1961.614,2138.794,2326.633,2534.453,2754.412,2994.457,3253.496
Barbados,4036.509,4427.056,4611.693,4882.788,5308.313,5539.558,6062.784,6653.718,7052.007,7776.714,7772.174,7777.866,7464.866,7886.782,8194.382,8414.115,8938.565,9412.367,10573.109,11039.097,11337.027,11284.369,11442.562,11788.654,12612.206,13939.669,15334.01,16925.611,17254.227,16036.404,16203.257,16599.012,16371.952,16556.104,16572.311,16589.45,16947.632,17423.251,17758.083,18448.826,15346.283,16105.128,17769.729,18947.063,19836.288,20615.869,21422.724
Belarus,no data,no data,no data,no data,no data,no data,no data,no data,no data,no data,no data,no data,1252.792,1114.104,1533.721,1034.931,1429.059,1396.112,1514.669,1210.965,1079.61,1283.273,1524.49,1873.667,2450.9,3221.463,3968.753,4887.275,6581.175,5345.325,6025.686,6478.889,6948.345,7995.733,8337.145,5958.838,5037.854,5778.564,6351.76,6831.516,6397.51,7032.477,7592.187,7911.69,8335.219,8723.331,9087.225
Belgium,12529.348,10366.108,9128.584,8626.16,8244.846,8568.653,11873.806,14740.456,16008.638,16098.158,20119.935,20563.729,22823.029,21723.624,23624.467,28458.469,27535.287,24878.749,25399.222,25309.057,23136.511,23067.163,25044.331,30707.665,35497.552,36945.499,38841.785,44496.791,48493.137,44892.228,44448.17,47564.381,44824.163,46848.612,47897.037,41147.261,42076.398,44274.073,47718.412,46555.088,44688.462,50412.713,53452.463,55938.772,58206.318,60422.102,62570.407
Belize,1148.322,1193.866,1171.019,1200.888,1304.507,1258.896,1332.848,1518.912,1759.542,1977.229,2180.352,2292.375,2604.217,2731.016,2752.909,2864.39,2889.116,2844.845,2888.857,3014.677,3331.421,3404.522,3550.915,3643.323,3802.225,3887.733,4159.15,4255.797,4404.495,4124.217,4270.939,4398.881,4468.701,4516.113,4645.694,4674.597,4734.009,4791.519,4813.214,4853.321,4076.77,4457.886,4721.644,4853.85,4950.927,5049.946,5150.945
Benin,633.149,413.923,397.573,340.867,352.496,370.342,462.435,535.192,544.339,491.148,580.415,573.657,615.86,579.434,389.725,506.864,533.491,497.342,519.56,552.369,512.9,518.071,574.524,711.107,798.382,823.24,856.1,966.318,1125.303,1087.576,1037.381,1130.074,1145.865,1251.228,1291.743,1076.906,1086.987,1136.193,1240.838,1218.278,1290.5,1446.829,1551.418,1654.787,1766.169,1883.33,2001.481
Bhutan,301.912,317.384,325.479,343.169,346.705,349.039,382.259,447.284,496.565,483.64,514.626,446.274,442.838,470.84,484.426,569.737,594.213,654.919,701.797,716.174,758.308,767.831,813.421,950.504,1059.205,1215.288,1293.194,1563.082,1936.113,1797.421,2097.66,2511.599,2592.373,2609.65,2546.905,2693.631,2803.636,3234.746,3280.722,3371.018,3358.961,3296.106,3605.553,3910.245,4298.463,4626.949,4965.991
Bolivia,695.535,615.66,668.55,619.896,631.152,668.921,640.94,683.625,712.146,715.525,723.431,776.711,803.547,793.646,805.183,886.368,956.965,1006.102,1057.72,1010.58,994.617,949.383,904.851,908.203,968.545,1037.176,1226.845,1383.894,1729.369,1769.441,1972.684,2368.523,2635.933,2938.421,3114.966,3069.319,3110.874,3388.523,3588.089,3591.403,3167.612,3266.69,3419.329,3616.429,3827.392,4047.437,4267.986
Bosnia and Herzegovina,no data,no data,no data,no data,no data,no data,no data,no data,no data,no data,no data,no data,no data,no data,no data,no data,952.331,1225.456,1415.096,1540.514,1480.624,1540.266,1785.289,2254.449,2699.054,2903.602,3306.785,4073.011,4984.537,4711.119,4633.861,5089.853,4773.164,5125.604,5319.317,4727.261,4994.065,5392.368,6073.936,6120.156,6034.999,6647.83,7078.897,7568.243,8092.595,8651.215,9221.158
Botswana,1235.79,1071.127,1089.756,1161.229,1112.146,998.497,1305.783,1973.51,2471.826,2663.031,2834.686,2755.113,2766.058,2709.967,2839.752,3075.187,3097.817,3117.961,2928.593,3270.461,3401.875,3172.044,3083.47,4187.363,4892.266,5361.365,5339.066,5619.894,5545.421,5065.325,6202.466,7357.591,7609.174,6966.084,7499.156,6413.787,6988.161,7286.768,7513.627,7219.46,6420.231,7349.884,7770.514,8257.269,8718.331,9144.075,9823.105
Brazil,1229.883,1382.548,1446.228,1134.932,1105.852,1719.515,1955.069,2087.445,2289.424,3087.928,3106.116,2677.837,2523.736,2787.164,3495.239,4851.99,5204.574,5321.137,5123.549,3501.438,3772.05,3177.94,2856.026,3089.141,3660.02,4819.872,5921.179,7390.653,8878.359,8649.578,11333.023,13295.899,12424.949,12358.342,12175.683,8846.478,8757.305,9978.087,9194.148,8935.756,6822.56,7741.153,8464.333,9102.212,9800.045,10371.896,10922.3
Brunei Darussalam,no data,no data,no data,no data,no data,19916.361,11908.978,13239.407,12202.354,13414.336,15373.583,15723.283,17330.999,16611.619,16089.632,18233.963,19221.085,19060.145,14479.973,16060.902,20445.931,18621.101,18785.868,20755.774,24217.728,29420.373,34690.298,36302.79,42470.561,31341.495,35437.219,47092.296,47772.207,44860.428,41947.16,31355.736,27318.052,28236.773,30668.369,29314.112,26060.996,33979.373,35148.83,33907.081,33825.984,33948.821,34239.634
Bulgaria,3673.24,3950.234,4108.117,4211.113,4465.385,3820.541,3382.443,3926.059,6433.118,6580.673,2919.827,288.506,1183.156,649.649,1155.797,1958.072,1494.788,1386.466,1854.468,1689.292,1625.322,1797.392,2090.683,2710.577,3370.382,3869.588,4477.028,5811.848,7156.175,6878.061,6713.329,7832.187,7417.268,7675.905,7900.697,7079.778,7575.767,8381.992,9470.584,9863.018,10006.351,11331.872,12336.972,13414.424,14509.318,15599.361,16672.037
Burkina Faso,349.672,297.167,270.123,240.72,209.724,225.945,288.783,327.429,352.095,342.864,395.875,389.6,406.069,376.711,220.468,265.238,280.453,258.109,287.604,300.311,255.082,267.099,294.457,374.534,418.187,458.187,473.475,535.125,643.334,623.497,648.365,751.041,758.48,787.481,793.051,653.393,688.061,734.737,813.468,786.929,831.013,926.2,988.297,1049.969,1112.787,1177.04,1241.637
Burundi,232.381,234.94,241.083,247.995,218.999,247.644,253.424,231.932,211.184,213.175,207.113,207.674,187.243,162.572,157.474,167.177,142.588,157.054,141.755,133.412,130.225,127.349,116.392,108.066,122.381,148.71,164.575,170.174,195.79,208.78,231.549,247.097,250.118,255.319,273.133,304.243,281.062,291.859,271.289,261.294,255.984,261.053,269.561,280.26,291.83,304.535,317.212
Cabo Verde,541.435,522.81,517.666,499.536,466.312,476.329,645.817,783.24,861.862,853.014,957.369,974.873,1062.47,1046.265,1180.486,1378.161,1385.771,1322.336,1376.757,1541.831,1399.088,1387.33,1501.545,1935.48,2188.003,2298.396,2571.824,3110.447,3636.128,3416.224,3312.035,3672.583,3388.875,3557.871,3532.994,2996.362,3082.157,3239.066,3616.442,3601.725,3065.478,3346.553,3618.37,3918.271,4237.843,4585.566,4908.309
Cambodia,no data,no data,no data,no data,no data,no data,25.707,17.116,32.608,39.704,99.833,215.671,252.491,242.479,265.056,319.537,316.188,302.166,267.864,293.699,299.982,320.046,337.501,360.659,405.629,470.683,536.151,627.78,741.855,737.194,788.19,889.788,965.413,1034.821,1123.183,1203.479,1320.33,1448.109,1587.996,1736.422,1606.811,1647.019,1749.808,1872.931,2006.879,2151.585,2308.742
Cameroon,930.182,1023.999,955.191,937.11,964.514,981.176,1244.63,1401.706,1382.898,1196.772,1161.862,1256.796,1117.815,1132.112,748,690.153,748.158,735.872,714.919,708.662,631.788,651.44,708.445,866.493,1010.488,1013.545,1063.138,1195.79,1377.148,1318.564,1287.567,1404.847,1355.403,1465.66,1543.032,1327.637,1363.953,1424.603,1535.188,1507.514,1504.501,1645.807,1730.102,1820.212,1920.118,2034.724,2152.763
Canada,11280.199,12396.666,12543.938,13493.198,13947.358,14185.922,14539.75,16408.139,19041.182,20842.455,21572.137,21885.57,20984.778,20210.452,20024.581,20706.725,21325.69,21930.485,21046.556,22340.553,24296.721,23859.714,24279.186,28338.745,32176.593,36439.62,40558.897,44716.985,46773.837,40990.625,47627.345,52285.937,52744.004,52708.61,51020.843,43626.47,42382.635,45191.961,46532.165,46399.714,43294.795,52791.228,56739.818,59125.562,61237.174,63293.417,65414.364
Central African Republic,313.369,316.495,298.747,279.719,265.441,340.227,431.342,465.181,490.939,474.879,539.656,502.896,489.786,418.922,268.106,340.988,298.443,285.804,296.103,290.99,238.505,242.794,260.865,310.302,336.409,356.688,381.315,427.313,485.807,482.648,492.078,551.028,566.199,380.304,424.67,377.476,402.053,450.744,488.563,479.846,494.186,525.914,557.442,589.141,621.772,655.224,689.439
Chad,163.554,189.349,178.888,174.759,182.983,192.956,230.715,253.529,287.003,262.413,306.217,293.844,296.666,251.096,196.901,233.418,250.861,232.968,254.121,215.939,188.139,223.102,250.264,330.959,513.888,661.203,712.529,803.018,932.601,805.798,895.354,985.629,970.738,982.92,1024.838,776.105,700.558,671.18,713.034,685.677,659.674,729.844,743.841,765.721,802.39,842.102,878.215
Chile,2579.918,3004.727,2204.378,1762.216,1687.021,1424.363,1504.431,1743.88,2021.045,2289.447,2503.865,2829.736,3368.273,3547.017,4030.063,5117.696,5349.581,5743.716,5446.545,4952.865,5071.704,4572.865,4443.764,4770.33,6193.086,7600.351,9473.007,10507.912,10748.976,10220.071,12794.284,14610.798,15307.795,15804.503,14643.498,13571.015,13779.4,15034.796,15865.535,14619.502,12992.976,16799.367,17701.618,18606.537,19446.294,20304.19,21195.994
"China, People's Republic of",306.98,288.491,279.971,296.509,301.111,292.99,279.908,299.842,368.079,406.534,346.873,356.759,420.025,520.966,468.658,603.526,703.06,774.91,820.903,865.236,951.163,1044.958,1141.14,1282.21,1499.712,1751.368,2095.239,2691.048,3446.695,3813.408,4499.803,5553.242,6282.709,7039.574,7645.875,8034.287,8063.446,8760.259,9848.949,10170.061,10511.335,11891.202,12990.014,14040.075,15141.545,16295.347,17492.963
Colombia,1681.746,1792.259,1878.1,1827.165,1767.178,1623.001,1592.203,1623.397,1714.216,1693.406,1690.422,1711.654,1985.739,2208.309,2725.713,3034.085,3135.799,3397.954,3089.652,2672.583,2534.451,2460.333,2423.37,2312.603,2826.048,3493.986,3836.672,4834.427,5622.109,5330.795,6498.573,7518.304,8237.293,8409.676,8312.056,6337.038,6037.133,6577.295,6923.64,6546.626,5390.921,5892.14,6186.66,6446.913,6723.377,7016.116,7326.743
Comoros,684.569,584.519,541.617,513.524,490.137,482.697,629.744,741.276,772.133,731.08,868.945,895.707,955.474,916.695,660.355,806.805,789.145,714.272,701.452,703.067,628.071,675.05,757.399,949.68,1055.357,1085.659,1110.984,1251.857,1403.796,1351.145,1322.638,1450.159,1403.417,1500.731,1505.178,1231.135,1256.035,1300.566,1386.014,1359.75,1355.297,1390.061,1426.523,1466.97,1509.841,1560.311,1613.464
"Congo, Dem. Rep. of the",2730.695,2301.277,2422.242,1891.283,1221.72,1080.898,1174.016,1075.998,1206.847,1188.851,1192.381,1120.914,973.196,1222.443,639.608,601.803,750.736,657.549,470.218,416.975,404.972,149.63,174.848,175.429,193.614,220.292,254.093,287.023,323.588,296.167,333.637,387.283,425.231,458.183,486.816,497.277,465.034,466.599,560.811,580.695,543.834,593.558,622.068,655.062,689.719,726.239,758.871
"Congo, Republic of ",1362.75,1083.721,916.547,808.393,721.033,717.264,951.697,1121.613,1157.519,1150.77,1310.373,1326.741,1398.92,1249.625,839.501,973.005,1097.225,967.806,823.561,949.351,1268.422,1037.327,1109.284,1255.568,1617.326,2058.304,2436.377,2586.304,3346.18,2722.039,3597.956,4175.34,4607.39,4559.725,4438.243,2873.72,2395.178,2555.443,3062.923,2800.291,2206.174,2655.719,2704.462,2746.974,2902.649,2938,2952.426
Costa Rica,2108.75,1111.35,1071.935,1257.355,1421.164,1478.366,1611.323,1612.564,1598.038,1763.481,1880.75,2305.412,2684.089,2926.912,3110.154,3336.709,3277.614,3450.907,3653.154,3715.408,3941.14,4041.943,4122.829,4227.819,4483.59,4756.337,5309.271,6194.045,6993.896,6879.266,8268.859,9270.571,10107.452,10764.529,10853.638,11635.197,11986.918,12185.259,12428.924,12623.193,12056.957,11860.222,12294.127,12883.881,13509.156,14140.207,14853.313
Croatia,no data,no data,no data,no data,no data,no data,no data,no data,no data,no data,no data,no data,2572.621,2786.37,3809.89,4995.309,5217.741,5209.717,5594.799,5099.544,4938.113,5355.367,6228.622,8054.456,9368.621,10215.386,11356.452,13542.208,15839.939,14134.156,13562.418,14608.2,13257.015,13673.369,13600.786,11780.604,12362.591,13450.094,15013.369,14945.184,13895.943,15807.696,17222.699,18728.145,20112.761,21231.557,22366.514
Cyprus,4549.649,4352.558,4452.724,4399.28,4575.712,4824.737,6057.982,7188.31,8204.406,8635.877,10360.133,10413.861,12158.755,11342.555,12525.481,15397.119,15260.553,14324.09,15181.635,15379.994,14464.816,14905.024,16188.531,20389.337,23969.818,25527.08,27448.569,31774.245,36009.75,32650.439,31439.286,32819.465,28993.69,27601.847,26995.341,23428.723,24692.503,26580.485,29300.334,28487.981,26784.886,29486.275,30995.783,32875.526,34495.442,36206.533,38034.156
Czech Republic,no data,no data,no data,no data,no data,no data,no data,no data,no data,no data,no data,no data,no data,no data,no data,5820.043,6529.042,6030.633,6484.201,6333.862,6015.067,6627.103,8056.318,9823.287,11751.897,13446.938,15284.674,18527.743,22925.748,19908.146,19983.577,21890.781,19880.902,20129.622,19915.381,17842.868,18597.213,20666.666,23463.602,23709.181,22942.855,25806.384,28076.587,30114.277,32067.704,34092.841,35909.721
CÃ´te d'Ivoire,1736.221,1406.871,1215.248,1043.542,1012.116,993.889,1280.028,1355.587,1357.326,1248.332,1327.006,1240.002,1268.082,1142.984,835.236,1073.949,1152.482,1084.69,1137.461,1088.344,920.472,935.446,1009.639,1216.937,1282.215,1287.97,1308.58,1458.236,1697.048,1657.596,1650.956,1660.451,1686.73,1919.162,2115.189,1932.222,1971.618,2066.845,2265.294,2227.982,2271.379,2489.102,2645.558,2820.355,2999.209,3185.305,3369.656
Denmark,13886.37,12076.174,11801.273,11852.891,11561.767,12259.279,17215.426,21349.948,22528.114,21913.155,26920.581,27052.653,29622.474,27640.496,30050.878,35471.255,35732.689,32897.57,33426.974,33492.354,30798.717,30806.607,33275.556,40512.045,46571.283,48872.095,52121.249,58641.193,64531.119,58286.537,58177.162,61864.093,58623.414,61325.575,62729.499,53478.495,54862.848,57772.553,61724.492,59861.612,61153.924,67919.585,70769.472,74314.286,78079.209,81950.176,85818.698
Djibouti,no data,no data,no data,no data,no data,no data,no data,no data,no data,no data,1075.36,1069.557,1090.968,1057.622,1108.889,1108.216,1077.268,1067.631,1060.78,1084.063,1087.355,1105.798,1120.277,1159.545,1211.886,1270.208,1358.408,1477.246,1691.086,1720.974,1835.753,2036.942,2188.544,2312.721,2465.985,2675.575,2818.34,2930.674,3141.862,3437.155,3481.573,3645.5,3869.254,4128.171,4406.4,4705.363,5026.778
Dominica,no data,1112.642,1217.573,1346.688,1495.272,1642.752,1864.889,2102.964,2377.904,2582.185,2819.552,3087.299,3287.848,3448.673,3713.105,3855.291,4104.42,4254.367,4526.684,4657.561,4681.178,4775.344,4680.264,4825.77,5165.218,5127.438,5497.251,5939.91,6463.44,6903.996,6980.957,7082.74,6994.866,7153.468,7388.583,7596.222,8089.25,7768.354,8118.956,8524.696,7416.244,7777.016,8559.171,9240.85,9876.758,10501.806,10983.681
Dominican Republic,1534.317,1677.447,1545.099,1562.13,2397.598,1022.611,1212.354,1245.272,1113.835,1230.744,1123.244,1365.232,1573.686,1741.669,1916.439,2141.061,2309.916,2495.032,2658.543,2674.828,2894.303,3007.381,3158.393,2460.554,2540.849,4008.356,4188.715,4803.473,5194.799,5151.172,5688.751,6063.35,6274.865,6413.934,6805.662,7139.507,7521.268,7874.941,8340.961,8595.611,7553.509,8491.619,9158.02,9732.879,10338.376,10984.128,11664.188
Ecuador,2097.141,2087.382,2026.375,1732.499,1794.733,2044.313,1461.92,1332.147,1234.671,1182.529,1173.126,1286.617,1375.712,1572.842,1858.323,1980.373,2037.13,2253.233,2257.861,1598.768,1461.838,1909.424,2180.386,2434.977,2700.118,3025.012,3351.476,3588.311,4267.473,4241.938,4633.247,5192.875,5664.886,6030.502,6347,6099.351,6046.302,6216.606,6318.477,6260.603,5642.74,5884.147,6107.6,6247.542,6400.011,6561.663,6727.375
Egypt,580.042,617.659,711.351,846.388,925.97,1049.33,1132.456,1585.217,1858.029,2266.442,1870.847,923.843,825.448,897.202,968.914,1098.086,1209.49,1327.405,1454.957,1518.197,1636.752,1566.199,1355.278,1252.404,1195.597,1331.362,1563.739,1862.164,2271.232,2578.884,2922.796,3077.343,3379.013,3404.341,3520.357,3731.177,3653.665,2484.537,2577.269,3056.975,3600.839,3851.746,4176.598,4449.8,4718.108,5004.575,5329.676
El Salvador,827.158,721.104,706.494,672.516,488.784,471.502,469.937,472.147,543.469,611.47,914.131,983.18,1073.311,1216.701,1380.707,1585.11,1684.785,1778.838,1886.36,1930.622,2001.538,2072.299,2124.105,2209.498,2278.432,2428.569,2631.821,2786.156,2933.396,2858.481,2983.23,3266.012,3428.409,3509.531,3589.039,3705.578,3805.992,3910.255,4052.621,4167.44,3798.833,4244.299,4475.175,4626.443,4767.737,4894.167,5011.215
Equatorial Guinea,123.403,109.806,121.292,126.408,130.117,205.657,241.443,284.263,296.908,253.241,312.102,299.071,351.662,343.493,245.881,333.846,527.121,965.017,777.254,1250.993,1885.985,2616.487,3107.854,5424.13,8214.073,10810.445,12743.347,15782.688,22834.435,16596.742,17153.165,21479.995,21556.417,20252.748,19271.286,11217.985,9202.539,9624.532,9968.089,8394.415,7136.81,8625.763,8058.547,7886.878,7846.439,7722.698,7689.308
Eritrea,no data,no data,no data,no data,no data,no data,no data,no data,no data,no data,no data,no data,268.192,167.084,195.44,219.091,263.808,270.574,283.919,274.584,238.508,245.162,227.498,258.933,315.55,300.697,321.219,340.334,301.238,415.601,501.424,642.502,693.804,596.754,786.54,603.193,655.424,557.857,580.845,566.731,587.684,625.974,678.248,711.158,740.695,770.957,802.921
Estonia,no data,no data,no data,no data,no data,no data,no data,no data,no data,no data,no data,no data,no data,1194.189,1711.271,2721.005,3379.95,3686.89,4096.127,4151.432,4084.938,4516.219,5358.418,7216.265,8923.191,10426.689,12657.064,16764.936,18273.297,14756.39,14696.814,17484.728,17414.24,19056.283,20253.974,17403.806,18290.293,20430.567,23074.035,23400.469,23035.913,27100.736,29735.018,32045.97,34459.538,36886.017,39383.243
Eswatini,1353.87,1390.764,1208.985,1207.844,999.523,762.131,936.249,1172.28,1332.878,1306.668,1552.212,1567.762,1699.814,1750.159,1859.518,2171.72,2012.452,2105.168,1914.241,1861.496,1818.67,1599.207,1473.717,2235.678,2797.022,3174.588,3262.223,3402.163,3214.488,3479.71,4263.91,4603.196,4628.251,4326.001,4133.025,3765.916,3513.797,4031.059,4225.912,4009.994,3532.545,3965.426,4164.289,4284.709,4435.936,4596.437,4965.447
Ethiopia,215.178,215.599,220.557,237.661,217.423,246.507,247.981,256.699,257.56,262.233,269.082,287.651,293.35,176.465,151.965,152.658,155.121,152.171,134.226,128.213,129.678,125.722,116.789,120.873,138.553,165.218,198.344,249.209,334.145,397.808,360.829,379.381,493.321,535.264,613.101,702.767,790.82,829.313,852.011,968.253,994.197,939.511,no data,no data,no data,no data,no data
Fiji,2056.073,2062.163,1941.771,1781.084,1828.856,1744.388,1954.085,1776.896,1672.492,1747.117,1959.194,2012.454,2208.958,2339.817,2590.933,2775.116,2975.914,2905.473,2282.246,2656.26,2286.992,2238.548,2467.527,3079.607,3601.622,3943.27,4041.487,4405.164,4535.432,3673.958,4004.674,4797.051,5017.72,5268.164,5611.185,5385.516,5620.575,6049.889,6272.733,6142.933,4995.163,5127.44,5507.13,6053.588,6548.089,6954.05,7305.719
Finland,11257.795,10990.447,11036.936,10545.058,10889.934,11488.754,14998.341,18632.076,22122.56,24040.639,28489.569,25646.579,22496.237,17661.586,20429.387,26347.514,25833.03,24759.979,26074.066,26241.797,24379.783,25001.18,27008.262,32961.92,37816.081,39147.216,41308.623,48590.198,53897.91,47541.746,46647.002,51263.574,47850.555,50006.019,50434.791,42867.09,43865.756,46437.211,50033.305,48716.216,48786.033,53522.565,56832.595,59545.358,62432.403,65676.149,68389.28
France,13052.055,11393.065,10764.181,10245.002,9667.515,10028.463,13922.959,16776.515,18204.104,18218.703,22432.059,22329.525,24538.409,23059.189,24215.692,27721.67,27716.205,24999.792,25783.476,25517.131,23149.274,23229.175,25058.792,30628.86,34980.08,36000.917,37762.463,42998.453,46927.305,43079.371,42100.289,45378.299,42348.741,44130.832,44545.718,37918.771,38332.675,40053.616,43021.379,41989.673,40298.851,45028.265,47952.125,49974.949,51873.763,53661.155,55393.831
Gabon,6093.615,5376.616,4930.527,4619.015,4346.388,4478.468,5735.355,4245.955,4581.144,4899.234,6815.634,5993.32,6015.511,5677.618,4293.942,4956.842,5552.917,5068.093,4161.617,4222.734,4477.321,4065.933,4210.284,5015.596,5837.617,6942.698,7271.093,8652.145,10418.276,7856.853,8933.306,10893.464,9903.41,9760.747,9746.786,7453.114,7082.218,7370.349,8220.504,8111.34,7277.369,8569.216,9083.633,9276.921,9532.125,9899.511,10396.009
"Gambia, The",1007.791,907.551,827.984,800.7,552.842,645.904,484.263,623.605,695.347,701.786,790.827,801.579,830.589,840.415,804.334,815.289,826.192,818.814,815.332,811.257,766.199,737.063,631.566,581.319,642.755,665.721,662.362,780.379,924.514,833.282,860.639,762.761,742.78,700.515,607.429,649.511,683.998,676.656,729.035,768.921,769.661,819.22,846.506,893.571,942.071,995.044,1045.855
Georgia,no data,no data,no data,no data,no data,no data,no data,no data,no data,no data,no data,no data,no data,no data,172.502,413.487,688.642,818.402,864.471,687.028,763.51,819.495,874.692,1034.708,1338.264,1682.657,2048.023,2700.586,3418.858,2890.875,3222.065,4003.471,4409.605,4622.966,4742.498,4017.622,4060.893,4358.594,4718.794,4693.66,4275.293,4807.95,5297.521,5804.011,6347.647,6945.397,7530.721
Germany,11109.741,9329.591,9014.978,9025.206,8537.765,8678.853,12387.01,15411.529,16514.654,16232.121,20249.138,23453.063,26538.043,25602.961,27233.633,31829.61,30664.393,27170.747,27528.158,26984.243,23924.876,23869.773,25460.334,30668.849,34534.814,35020.197,36894.468,42299.862,46367.859,42338.844,42379.71,46697.376,43883.393,46299.371,48035.802,41107.222,42124.452,44636.698,47995.381,46800.183,46215.596,50787.859,54653.004,57208.886,59728.202,62235.56,64800.87
Ghana,3489.408,5537.341,6271.389,4114.168,1391.696,1213.37,1094.377,895.168,930.218,924.054,1045.579,1142.78,1102.828,881.064,793.783,918.725,950,945.574,1002.591,1012.265,606.494,630.69,714.412,860.458,973.275,1151.293,1320.27,1520.628,1688.059,1477.632,1757.029,2131.731,2197.891,2405.776,2003.714,1784.251,1982.243,2086.598,2275.769,2265.713,2225.506,2413.095,2556.508,2666.591,2787.107,2919.418,3053.529
Greece,5898.163,5376.978,5576.511,5008.015,4854.243,4791.75,5623.163,6522.421,7568.289,7812.784,9597.714,10196.17,11139.445,10363.63,11029.098,12887.889,13660.507,13370.349,13412.55,13784.361,12164.719,12473.285,14065.791,18378.281,21829.501,22417.643,24648.873,28656.233,31902.014,29577.642,26743.4,25437.01,21845.973,21679.669,21567.966,17997.401,17879.707,18578.294,19769.332,19147.461,17657.1,19827.162,21155.314,22314.034,23393.105,24491.857,25534.643
Grenada,1245.62,1276.37,1346.874,1372.669,1477.916,1678.085,1872.462,2162.546,2408.732,2757.871,2887.011,3117.904,3192.22,3153.808,3272.547,3411.983,3632.676,3861.381,4370.62,4705.807,5056.978,5041.015,5213.797,5682.707,5741.653,6644.217,6658.218,7213.002,7832.366,7290.821,7258.182,7291.739,7444.082,7789.618,8370.031,9096.535,9628.26,10152.834,10466.805,10608.38,9130.372,9575.343,10194.006,10878.133,11568.878,12117.261,12658.323
Guatemala,1070.284,1140.215,1126.186,1139.957,1163.059,1338.718,705.755,796.957,841.769,946.757,808.879,966.003,1045.432,1110,1228.967,1348.884,1408.233,1559.644,1656.359,1527.239,1555.638,1654.953,1795.772,1847.291,1951.798,2151.742,2336.955,2556.76,2873.086,2654.1,2836.06,3172.124,3267.792,3397.625,3632.101,3825.882,3982.02,4233.007,4240.545,4371.265,4317.448,4542.253,4767.436,4927.427,5162.973,5416.337,5687.761
Guinea,no data,no data,no data,no data,no data,no data,no data,no data,no data,no data,616.321,660.444,678.626,639.332,626.432,655.749,656.708,628.192,591.511,557.831,461.784,427.879,444.663,517.03,538.88,470.57,426.419,628.711,675.387,637.478,630.549,540.562,637.79,712.977,728.729,712.049,679.964,796.038,891.887,991.735,1101.713,1168.178,1241.834,1299.514,1362.593,1425.848,1495.304
Guinea-Bissau,370.185,463.692,516.549,570.682,388.702,559.368,534.912,444.504,406.033,478.384,571.817,787.213,843.597,636.881,344.118,725.815,676.103,628.438,517.661,496.411,327.943,338.362,374.5,435.072,447.804,482.181,467.998,543.408,672.251,613.569,644.344,775.206,688.497,711.927,712.826,707.897,748.089,864.141,866.451,810.558,789.856,858.04,907.339,972.935,1040.899,1112.56,1186.06
Guyana,1101.855,1055.839,904.864,921.541,861.055,924.305,1053.703,982.258,1125.871,1146.242,950.968,1036.884,1145.783,1392.984,1626.898,1832.399,2048.527,2161.647,2035.856,2010.769,2017.2,2023.617,2092.961,2144.109,2232.996,2305.907,2551.768,2982.217,3329.637,3457.367,3837.303,4402.775,5360.276,5476.744,5402.703,5579.974,5796.819,6104.158,6120.536,6594.375,6952.702,9369.011,12426.394,15152.583,15767.572,16563.39,17509.343
Haiti,447.907,484.33,494.856,521.763,567.915,619.461,676.077,327.179,212.61,192.614,240.23,211.528,124.533,147.025,397.214,618.383,626.299,706.797,773.837,847.945,794.059,720.822,684.333,540.556,660.218,773.35,794.79,991.684,1074.359,1168.747,1175.199,1269.346,1316.496,1408.807,1408.669,1359.209,1263.434,1337.16,1441.864,1277.213,1235.476,1691.825,1560.232,1619.038,1650.354,1696.397,1745.552
Honduras,955.25,1017.067,1015.875,1044.202,1092.454,1161.918,1180.458,1249.586,1351.372,1467.031,841.249,822.855,891.443,888.614,845.738,948.437,888.005,948.716,1023.397,1003.065,1093.106,1133.185,1134.068,1158.179,1217.816,1308.089,1430.056,1583.048,1739.357,1789.707,1904.346,2088.311,2144.337,2102.595,2206.056,2302.204,2342.024,2451.936,2506.62,2567.967,2396.689,2602.17,2712.44,2821.802,2935.211,3057.544,3191.61
Hong Kong SAR,5703.963,5995.182,6139.013,5590.161,6170.503,6490.372,7380.118,9015.195,10527.458,12012.634,13374.312,15297.577,17710.506,20065.68,22194.005,23070.541,24698.956,27214.595,25649.085,24969.005,25574.491,25166.902,24731.081,23856.482,24873.898,26551.769,28028.157,30494.551,31487.94,30593.991,32421.361,34955.147,36623.745,38233.352,40185.303,42325.352,43491.305,46032.29,48313.144,48268.216,46657.196,49485.084,51895.028,54237.696,56619.571,59126.852,61800.654
Hungary,2151.468,2207.127,2249.984,2046.399,1989.903,2022.961,2338.799,2582.847,2838.561,2909.702,3312.337,3350.242,3733.447,3871.071,4170.571,4491.215,4520.76,4591.492,4738.015,4786.245,4619.293,5269.607,6644.61,8410.769,10275.774,11188.448,11469.411,13904.826,15742.787,13035.623,13173.209,14195.846,12935.511,13665.526,14251.799,12690.167,13069.23,14590.897,16407.353,16729.132,15866.216,18527.592,20380.161,22174.259,23863.29,25422.594,26975.87
Iceland,15133.103,15454.708,14008.881,11865.27,12139.43,12517.151,16585.858,22795.638,24840.125,22646.588,25651.419,27183.019,27383.229,23749.384,24142.695,26711.55,27914.45,28048.848,31219.801,32577.642,32344.364,29061.339,32516.441,39620.411,47579.937,57405.559,58238.886,70375.326,57296.251,41188.906,43293.021,47798.807,46159.8,50100.084,54864.159,53227.627,62530.419,73085.132,75382.6,69631.272,59643.087,68843.646,72317.581,73881.654,76323.207,80325.238,84467.255
India,271.031,274.726,277.965,296.291,281.099,302.945,315.161,346.171,357.799,352.182,374.002,308.37,322.512,306.44,352.172,380.321,406.968,422.809,420.573,449.725,451.114,459.473,479.063,556.326,638.787,726.918,814.353,1046.898,1019.511,1121.248,1384.174,1458.105,1443.879,1449.605,1573.881,1605.605,1732.051,1980.694,1996.952,2098.933,1929.677,2116.444,2312.901,2478.616,2649.211,2829.645,3018.1
Indonesia,673.239,736.992,741.946,659.474,672.201,658.217,610.234,562.902,621.934,696.874,770.757,847.573,907.767,1013.057,1115.613,1254.023,1394.497,1308.114,572.09,829.574,870.154,834.139,1002.907,1186.845,1280.696,1403.876,1764.79,2064.232,2418.043,2464.956,3178.133,3688.531,3744.53,3684,3533.606,3367.691,3605.721,3885.465,3947.248,4196.297,3921.622,4224.982,4538.152,4888.899,5205.482,5529.556,5870.631
Iran,2741.016,2740.504,3020.642,3709.146,3774.631,3788.878,4257.537,5602.03,5931.254,6955.853,10797.113,5357.884,884.443,1137.104,1413.21,1990.358,2694.673,3042.982,3312.421,4332.749,5648.124,4842.262,1947.965,2256.512,2744.105,3239.138,3765.88,4905.238,5612.145,5656.192,6564.058,7719.433,5159.196,5199.853,5519.135,4844.495,5195.909,5471.788,5543.901,6980.744,9928.187,12725.042,13243.342,13716.84,14218.136,14739.103,15274.044
Iraq,no data,no data,no data,no data,no data,no data,no data,no data,no data,no data,no data,no data,no data,no data,no data,no data,no data,no data,no data,no data,no data,no data,no data,608.655,1373.738,1828.738,2321.258,3090.851,4472.118,3701.862,4473.71,5848.537,6692.576,7021.406,6704.313,5044.624,4637.004,5178.921,5950.825,5981.102,4223.218,4892.964,5364.248,5536.841,5655.364,5787.448,5935.146
Ireland,6252.207,5886.368,6078.144,5839.832,5591.81,5934.548,7993.15,9419.506,10365.284,10754.616,13644.791,13748.196,15331.894,14262.798,15455.354,19086.797,20781.392,22468.61,24202.501,26233.643,26186.264,28120.1,32482.077,40940.136,47389.262,50476.482,53738.836,60770.052,60989.977,51943.467,48612.201,52116.927,49000.81,51459.003,55499.027,61861.203,62632.808,69486.551,78837.737,80632.329,85205.496,102394.017,108162.69,114839.259,121081.094,127640.058,134412.121
Israel,6096.707,6413.923,6752.808,7374.492,6892.403,6294.15,7629.984,8966.967,10925.93,10928.613,12502.88,13354.935,14407.213,14107.137,15698.653,18154.264,19391.933,19705.404,19439.247,19152.867,21071.762,20324.926,18449.182,18998.835,19919.021,20594.662,21859.442,24966.228,29659.792,27793.383,30791.278,33787.427,32681.199,36515.115,37864.407,35822.856,37341.6,40790.933,42079.335,43965.661,44181.168,49840.25,52504.189,54444.867,56247.479,57972.967,59647.129
Italy,8548.182,7739.537,7642.779,7925.739,7830.361,8082.894,11446.007,14366.803,15913.065,16538.736,20624.437,21766.811,23085.989,18548.316,19124.216,20675.32,23094.404,21858.43,22348.031,22029.702,20153.067,20505.907,22386.262,27580.457,31342.811,32031.426,33448.085,37828.364,40818.985,36982.806,35815.615,38276.034,34743.73,35534.99,35836.183,30463.696,31190.794,32648.756,34921.013,33521.343,31604.433,35584.882,38168.69,39831.374,41252.803,42688.755,44059.793
Jamaica,1214.379,1310.503,1479.509,1289.23,948,878.359,1034.771,1158.596,1372.734,1588.557,1971.695,1799.773,1804.411,2249.32,2234.803,2660.153,2975.134,3347.367,3467.544,3473.435,3510.575,3529.711,3709.572,3586.441,3855.674,4241.399,4494.63,4829.296,5134.246,4507.186,4894.369,5332.52,5448.456,5238.147,5105.511,5204.825,5183.462,5413.03,5729.757,5781.785,5102.762,5421.642,5697.354,5931.285,6178.469,6431.851,6681.143
Japan,9659,10574.371,9772.809,10636.463,11205.352,11815.804,17466.671,21177.787,25575.098,25336.199,25895.956,29511.775,32069.069,36425.222,39953.195,44210.242,39164.322,35651.27,32436.923,36622.885,39172.963,34410.68,32832.296,35410.222,38307.096,37819.1,36021.9,35847.226,39992.06,41469.773,45135.796,48760.905,49175.054,40934.756,38522.771,35005.656,39411.424,38903.298,39818.795,40689.791,40088.603,40704.304,43118.834,46138.055,48159.221,50047.522,51797.333
Jordan,1697.141,1838.681,1886.925,1902.7,1843.989,1780.842,2193.068,2225.634,2005.008,1291.648,1204.987,1193.759,1395.287,1361.59,1453.792,1499.556,1514.849,1546.363,1655.728,1675.702,1709.662,1782.108,1868.862,1948.189,2125.809,2271.857,2616.511,2849.051,3489.786,3597.34,3777.824,3897.607,3963.585,4100.939,4188.717,4218.828,4224.802,4273.905,4341.042,4425.687,4286.485,4393.642,4564.91,4792.505,5043.132,5306.865,5584.391
Kazakhstan,no data,no data,no data,no data,no data,no data,no data,no data,no data,no data,no data,no data,168.645,304.849,751.98,1061.475,1358.804,1459.416,1480.091,1132.126,1230.49,1491.652,1657.157,2062.291,2862.5,3753.439,5261.026,6733.448,8349.288,7116.372,9005.041,11552.573,12300.185,13789.174,12713.563,10435.169,7662.006,9186.712,9749.07,9750.431,9071.302,10144.682,10510.363,11104.657,11656.707,12103.152,12647.701
Kenya,1305.247,1185.18,1101.075,983.361,986.51,950.251,1093.491,1156.785,1158.818,1111.265,1124.819,1029.415,983.514,663.428,771.897,951.64,1047.966,1034.12,1096.62,972.176,897.619,870.082,898.186,953.835,941.165,1056.471,1203.39,1412.69,1314.844,1123.285,1176.309,1178.584,1396.213,1490.414,1613.092,1625.155,1688.865,1805.384,1983.372,2110.46,2103.548,2198.593,2290.498,2394.729,2510.401,2637.894,2771.252
Kiribati,720.463,739.991,656.088,630.233,675.191,500.804,479.561,530.358,652.243,630.112,594.756,645.746,646.914,623.58,716.416,721.087,847.061,839.086,805.03,832.622,802.478,732.872,824.831,1016.381,1128.371,1212.132,1166.435,1376.275,1456.908,1332.071,1518.57,1741.139,1798.255,1731.38,1655.862,1556.496,1598.885,1656.628,1748.647,1695.298,1673.412,1927.077,2001.239,2073.458,2128.707,2169.591,2201.483
"Korea, Republic of",1714.62,1883.456,1992.29,2198.939,2413.291,2482.4,2834.888,3554.62,4748.676,5817.065,6609.985,7637.199,8126.451,8886.386,10381.18,12565.033,13402.925,12416.754,8271.412,10666.862,12263.471,11563.04,13159.675,14672.418,16482.75,19398.494,21730.952,24083.338,21387.709,19139.732,23077.161,25100.188,25459.168,27179.519,29252.933,28737.439,29274.232,31600.737,33433.172,31936.795,31638.455,35195.522,36791.512,38790.768,40759.459,42719.393,44610.646
Kosovo,no data,no data,no data,no data,no data,no data,no data,no data,no data,no data,no data,no data,no data,no data,no data,no data,no data,no data,no data,no data,1506.279,1704.498,1807.419,2205.806,2274.957,2318.585,2400.435,2865.991,3320.602,3244.921,3290.463,3763.906,3582.128,3885.717,4098.927,3637.466,3766.213,4027.29,4425.862,4462.718,4348.292,4986.263,5406.535,5815.641,6220.296,6622.236,7017.831
Kuwait,20966.177,17631.854,14417.541,12973.988,13410.421,12670.687,9653.473,10956.483,9640.407,11359.505,8588.145,7960.513,13989.932,16213.488,13549.775,13871.989,15068.13,13740.681,11424.919,13358.134,17012.776,15108.112,15759.074,18786.749,21585.563,27014.773,31907.199,33732.522,42827.126,30414.739,32216.413,41657.444,45726.188,44754.341,40278.045,27398.083,25267.146,27193.897,29903.564,28513.431,22683.638,27927.163,28821.611,28794.89,28992.741,29413.943,30151.307
Kyrgyz Republic,no data,no data,no data,no data,no data,no data,no data,no data,no data,no data,no data,no data,207.976,148.155,245.851,329.934,396.495,379.056,344.404,258.467,280.635,309.913,323.343,382.888,436.496,478.77,546.621,725.487,971.678,876.933,884.846,1131.471,1189.517,1295.225,1292.621,1132.843,1131.841,1254.51,1321.954,1388.647,1188.817,1224.745,1313.856,1387.088,1440.643,1497.555,1552.214
Lao P.D.R.,596.196,341.873,334.404,596.412,831.39,1017.414,691.926,473.879,300.081,360.325,414.261,474.15,528.183,578.467,654.369,741.537,753.99,696.054,259.296,270.226,323.04,324.75,335.686,405.111,467.759,530.059,669.723,800.103,983.762,1045.888,1200.869,1412.035,1581.898,1830.51,1997.984,2130.629,2323.281,2452.861,2567.549,2618.182,2586.78,2625.61,2757.814,2878.078,3036.723,3214.821,3398.167
Latvia,no data,no data,no data,no data,no data,no data,no data,no data,no data,no data,no data,no data,632.625,1021.782,1724.206,2162.492,2417.08,2667.908,2958.619,3137.091,3339.151,3549,4115.578,5111.94,6327.977,7550.177,9666.812,14057.158,16390.267,12199.672,11276.112,13809.193,13862.392,15041.849,15678.081,13722.081,14253.044,15613.438,17799.831,17739.474,17549.303,19538.902,21489.13,23135.097,24723.873,26383.311,28009.855
Lebanon,1552.33,1480.691,1005.258,1376.819,1617.734,1344.135,1044.329,1219.351,1217.425,983.323,998.852,1502.885,1778.315,2289.629,2640.177,3108.246,3550.639,4245.057,4617.163,4580.864,4427.215,4348.533,4502.677,4438.894,4629.213,4575.074,4626.82,5207.76,6111.36,7354.971,7761.616,7675.291,7952.12,7933.253,7687.746,7663.878,7653.694,7819.591,8058.463,7639.101,2784.822,no data,no data,no data,no data,no data,no data
Lesotho,340.852,337.16,273.569,293.235,267.36,208.686,233.93,291.915,322.488,325.872,382.327,427.81,477.277,465.397,480.692,514.122,490.549,516.861,475.868,466.514,453.282,374.971,410.133,592.302,738.561,791.265,809.56,930.798,868.532,1011.42,1222.197,1324.607,1261.443,1191.994,1250.627,1106.83,1105.765,1166.068,1140.515,1087.591,969.708,1187.512,1227.367,1271.597,1314.764,1343.726,1394.548
Liberia,no data,no data,no data,no data,no data,no data,no data,no data,no data,no data,no data,no data,no data,no data,no data,no data,no data,no data,no data,no data,325.463,328.515,334.824,248.982,307.15,314.889,357.241,415.958,497.445,503.596,541.579,625.257,695.516,772.241,765.368,747.177,767.373,763.108,731.317,672.882,647.1,703.406,743.004,750.723,788.837,829.805,872.572
Libya,13031.83,10762.563,10247.108,9371.005,8411.48,8319.667,6524.775,5815.611,5795.806,5881.526,7193.535,7776.953,7703.526,6780.858,6192.591,6882.208,7372.447,7424.949,5980.039,7067.876,7388.136,6485.16,3833.574,4831.424,5988.392,8467.716,9659.637,11711.138,12570.871,8524.772,11417.422,5402.251,12693.637,8282.151,3876.411,2723.365,2907.457,4685.07,6361.578,6004.471,2891.462,4068.611,4308.91,4381.962,4320.649,4445.383,4591.32
Lithuania,no data,no data,no data,no data,no data,no data,no data,no data,no data,no data,no data,no data,no data,no data,no data,1845.103,2327.496,2830.268,3166.72,3113.271,3293.307,3525.849,4140.734,5499.475,6699.372,7860.178,9236.616,12305.917,15017.555,11848.202,12009.033,14393.268,14376.001,15734.38,16577.328,14265.41,15004.186,16879.45,19184.843,19557.385,19981.336,22411.646,24209.399,25977.969,27685.601,29342.909,30897.272
Luxembourg,17738.608,15251.874,12514.722,12284.434,12033.023,12444.197,18023.017,22239.616,24976.673,26333.586,33201.394,35490.269,39219.909,39643.662,43483.047,50911.338,49921.106,44382.362,45822.189,49541.93,49183.426,48498.772,53399.453,66061.086,76343.548,81048.07,90499.474,107014.124,115898.758,104393.459,106177.041,117366.282,108050.474,114996.722,120449.741,102624.733,105364.028,108621.942,117859.718,115838.953,116921.11,131301.599,137947.805,144013.307,149736.395,155059.54,160140.738
Macao SAR,no data,no data,no data,no data,no data,no data,no data,no data,no data,no data,no data,no data,no data,no data,no data,no data,no data,no data,no data,no data,no data,15723.751,16733.977,18461.835,23005.586,25109.973,28970.428,34268.703,38286.226,39822.349,51135.159,66111.715,74209.139,84833.692,86298.091,69666.751,69910.52,77257.325,82862.878,81156.614,35621.456,42106.564,59113.563,75353.68,87687.886,92654.97,97329.237
Madagascar,594.73,529.787,518.939,495.274,402.08,380.975,423.6,304.151,293.209,283.399,338.948,272.525,301.997,320.564,269.561,284.823,354.742,297.115,297.254,279.921,293.607,334.442,319.216,368.797,284.488,319.537,338.751,438.655,536.352,467.54,471.959,531.266,518.155,541.069,530.863,467.235,476.226,515.935,518.489,512.176,461.8,498.682,531.409,565.085,592.477,631.723,666.988
Malawi,460.392,447.79,416.18,419.657,400.328,358.713,354.471,327.758,354.718,384.328,420.593,523.591,422.469,483.263,278.145,319.894,512.064,583.417,373.078,368.272,352.65,338.478,384.137,345.163,365.696,377.042,400.898,432.115,504.65,571.113,623.414,695.331,506.3,446.999,484.322,497.737,415.016,466.559,501.113,543.685,567.59,565.798,543.551,520.633,508.561,505.322,508.469
Malaysia,1926.963,1920.127,2006.482,2189.553,2419.501,2154.458,1864.031,2070.009,2213.866,2380.512,2585.824,2885.306,3378.721,3716.952,4027.509,4678.024,5175.556,5011.56,3519.766,3762.769,4347.73,4189.053,4441.824,4740.324,5244.873,5678.353,6351.178,7480.936,8759.517,7544.11,9046.985,10397.92,10806.84,10851.664,11165.259,9663.111,9523.295,9965.123,11079.785,11231.411,10231.341,11124.67,12295.732,13396.635,14300.466,15251.521,16260.217
Maldives,412.508,464.914,534.906,560.243,646.388,737.78,835.636,769.824,897.934,987.814,1091.55,1184.664,1343.012,1479.446,1591.14,1903.127,2107.605,2553.949,2658.803,2842.658,2967.253,2780.451,2952.215,3690.792,4238.041,3960.43,5268.793,6128.48,7337.951,7450.805,8086.697,8078.305,8719.582,9766.235,10787.471,11781.029,12348.712,13201.445,14476.589,15148.804,9888.651,11899.087,13550.911,15223.424,16169.688,17104.019,18081.878
Mali,286.454,234.094,202.848,191.946,187.734,185.325,252.941,290.159,287.28,345.974,388.428,388.675,390.518,379.876,283.343,357.517,356.398,326.082,329.648,332.428,278.381,316.848,346.478,405.693,454.971,505.371,540.589,617.829,720.606,724.186,733.666,863.348,802.465,828.742,873.507,773.946,804.082,854.975,922.549,905.821,889.788,966.141,1019.316,1075.556,1132.074,1178.106,1237.182
Malta,3811.847,3691.859,3467.399,3262.692,3114.332,3126.09,3953.405,4898.042,5522.986,5728.285,6811.662,7215.068,7945.163,7009.556,7684.416,8978.862,9107.638,9147.98,9621.951,9983.877,10482,10447.791,11346.456,13730.313,15260.887,15930.142,16818.012,19696.182,22378.184,21223.678,21842.065,23222.385,22674.787,24972.679,27080.097,25228.175,25960.312,29340.934,32237.262,31865.843,28955.293,31996.534,34554.04,37121.434,39791.206,42350.42,44765.016
Marshall Islands,no data,no data,no data,no data,no data,no data,no data,no data,no data,no data,no data,no data,no data,no data,no data,no data,no data,2257.329,2276.743,2269.421,2237.183,2416.081,2651.491,2619.045,2625.82,2668.167,2749.066,2864.642,2894.225,2864.633,3030.394,3239.108,3383.558,3451.206,3388.375,3406.479,3720.619,3898.576,4061.676,4292.884,4412.992,4338.173,4525.644,4694.009,4844.888,4990.811,5131.029
Mauritania,no data,no data,no data,no data,no data,no data,no data,no data,no data,no data,898.741,1002.023,1026.904,852.513,872.712,912.587,904.326,854.319,812.206,773.412,673.361,641.849,634.588,711.709,796.923,963.498,1357.425,1425.466,1647.288,1475.591,1715.923,2012.828,1946.079,2072.492,1826.78,1668.065,1690.813,1758.55,1851.725,1943.797,1955.501,2161.279,2154.149,2212.374,2255.124,2277.218,2336.882
Mauritius,1268.107,1186.583,1124.4,1179.733,1080.41,1085.141,1454.116,1827.431,2104.548,2146.046,2555.86,2781.631,3091.412,3148.796,3446.307,3902.222,3993.479,3703.632,3701.865,3859.149,4102.593,4026.943,4196.429,5005.417,5626.004,5516.198,5695.975,6574.664,8030.052,7318.126,8000.376,9197.043,9291.236,9637.016,10151.727,9258.563,9681.416,10485.014,11205.901,11088.782,8618.602,8681.608,9437.502,10308.722,11281.783,12274.919,13291.622
Mexico,3383.685,4238.762,3002.229,2390.4,2755.013,2859.223,1937.362,2080.398,2493.816,2979.921,3450.198,4059.987,4624.006,5636.355,5841.023,3920.738,4405.105,5283.079,5477.928,6157.249,7166.141,7558.975,7607.443,7088.462,7501.914,8303.985,9102.514,9680.432,10053.737,8029.296,9299.455,10232.411,10271.406,10758.984,10967.113,9657.118,8788.588,9342.92,9753.667,10028.874,8403.602,9967.388,10541.438,11024.772,11479.676,11933.767,12395.961
"Micronesia, Fed. States of",no data,no data,no data,no data,no data,no data,no data,no data,no data,no data,no data,no data,no data,no data,no data,2094.48,2060.874,1944.21,2054.62,2061.643,2179.424,2257.322,2277.946,2311.653,2268.897,2370.444,2413.778,2457.377,2531.364,2711.063,2887.354,3021.694,3170.962,3068.371,3082.895,3050.723,3197.214,3522.106,3854.141,3952.282,3892.269,3855.223,3973.254,4202.534,4387.072,4525.501,4651.633
Moldova,no data,no data,no data,no data,no data,no data,no data,no data,no data,no data,no data,no data,290.058,373.927,389.592,485.354,572.302,653.525,575.974,398.41,448.062,505.784,569.109,680.272,894.061,1031.422,1179.323,1526.379,2102.942,1890.647,2428.106,2930.062,3031.129,3307.351,3314.553,2715.782,2857.879,3478.523,4196.159,4464.117,4522.595,4791.625,5240.23,5729.29,6288.488,6884.588,7517.885
Mongolia,no data,no data,no data,no data,no data,no data,no data,no data,no data,no data,1506.243,1548.554,844.161,411.791,489.98,756.761,692.473,598.398,562.12,520.775,553.097,610.325,662.699,747.092,919.767,989.177,1321.606,1616.138,2109.269,1687.55,2602.373,3702.359,4281.33,4293.834,4081.015,3842.536,3576.817,3595.38,4056.729,4245.462,3916.086,4185.536,4564.45,4925.576,5270.879,5603.762,5898.815
Montenegro,no data,no data,no data,no data,no data,no data,no data,no data,no data,no data,no data,no data,no data,no data,no data,no data,no data,no data,no data,no data,1596.628,1893.716,2081.045,2745.758,3379.643,3679.829,4429.802,5984.454,7396.665,6746.378,6694.168,7327.253,6590.58,7189.048,7389.894,6517.42,7031.531,7800.27,8854.776,8911.273,7702.604,8837.578,9712.507,10522.838,11327.386,12147.297,12986.028
Morocco,1132.089,895.782,881.181,778.036,695.127,685.329,884.05,952.577,1102.828,1109.286,1248.809,1310.61,1343.358,1239.049,1369.643,1479.276,1612.853,1442.425,1519.174,1492.184,1373.92,1376.532,1453.941,1768.603,1999.125,2063.312,2242.729,2549.881,2946.926,2922.586,2896.564,3111.538,2979.738,3200.479,3259.721,2964.961,2995.677,3147.101,3353.1,3368.386,3187.63,3470.795,3617.254,3801.031,3991.896,4195.762,4379.79
Mozambique,396.816,300.914,300.392,263.659,270.38,353.788,413.827,187.301,164.966,171.727,271.733,272.614,191.23,189.937,187.082,187.295,241.649,283.513,313.064,346.574,319.358,296.268,302.546,326.075,383.27,416.811,435.334,482.198,563.649,520.403,471.904,594.586,657.645,664.078,673.969,589.86,428.927,461.415,503.302,506.817,448.844,492.273,506.47,568.707,585.666,602.799,682.197
Myanmar,no data,no data,no data,no data,no data,no data,no data,no data,no data,no data,no data,no data,no data,no data,no data,no data,no data,no data,116.223,143.154,169.697,154.588,148.549,189.041,227.347,254.757,283.701,370.544,525.195,632.23,774.72,1088.75,1182.147,1210.221,1244.184,1223.742,1163.794,1177.083,1271.677,1302.277,1527.434,1246.318,1170.091,1228.541,1289.975,1353.513,1421.457
Namibia,no data,no data,no data,no data,no data,no data,no data,no data,no data,2027.87,2109.532,2034.92,2070.995,1922.824,2100.279,2197.585,2126.349,2143.726,1837.305,1874.47,2139.706,1939.787,1811.249,2607.864,3440.966,3708.785,4007.733,4378.564,4198.55,4340.183,5410.977,5870.933,6038.862,5540.619,5555.93,5020.473,4611.508,5438.761,5665.86,5109.122,4276.276,4693.455,4853.261,4932.594,4993.828,5052.58,5302.757
Nauru,no data,no data,no data,no data,no data,no data,no data,no data,no data,no data,no data,no data,no data,no data,no data,no data,no data,no data,no data,no data,no data,no data,no data,no data,3174.961,3167.648,3200.72,2470.84,3965.355,4587.75,4748.078,6529.397,9382.641,9103.519,8865.599,6994.054,7674.477,8152.257,9398.51,9365.095,8866.874,10138.196,10361.197,10576.167,10668.969,10687.363,10564.319
Nepal,150.674,172.192,170.029,181.747,187.859,190.716,202.94,205.932,237.472,234.553,235.483,251.038,222.006,232.005,235.992,249.856,251.546,267.454,260.462,262.752,273.639,276.596,276.295,288.424,327.131,363.231,396.623,447.379,537.813,546.64,677.187,803.716,804.141,823.321,844.495,901.75,899.524,1048.454,1178.526,1200.965,1178.33,1172.638,1226.011,1312.936,1400.347,1488.447,1580.37
Netherlands,13750.491,11429.727,11013.574,10682.307,9904.974,10008.042,13875.191,16895.4,17956.109,17597.26,21581.579,22057.794,24191.955,23356.332,24935.531,29350.802,29084.068,26808.388,28018.706,28393.845,26327.867,26996.172,29401.976,35814.268,40477.3,42054.884,44936.006,51880.384,58015.396,52807.447,51165.823,54342.114,50175.559,52276.986,53026.478,45302.804,46165.177,48799.874,53224.694,52672.504,52456.094,57714.876,61159.435,64246.824,67172.749,70101.473,72893.263
New Zealand,7246.92,7503.123,7370.59,7064.343,6960.705,6943.519,8373.548,11189.539,13643.701,13099.977,13439.745,12426.123,11754.866,12536.066,14607.506,16938.022,18504.234,18214.214,14885.532,15340.083,14028.141,13667.832,15701.88,20480.425,24840.184,27378.695,26221.935,31909.42,31759.187,28283.685,33379.61,38062.95,39683.428,42089.463,44282.106,38200.039,39426.719,42334.698,42839.818,42210.227,41164.576,48348.994,51706.9,53795.62,55273.038,56739.214,58293.297
Nicaragua,no data,no data,no data,no data,no data,no data,no data,no data,no data,no data,no data,no data,no data,no data,898.199,935.34,947.14,940.143,973.071,999.413,1030.74,1054.66,1011.904,1010.231,1077.784,1152.801,1224.724,1326.658,1498.88,1444.941,1506.073,1629.968,1734.794,1790.431,1916.77,2036.931,2099.585,2156.145,2016.16,1934.143,1942.64,2047.097,2109.298,2143.844,2183.219,2237.72,2312.772
Niger,609.433,510.028,458.113,395.659,310.002,295.81,378.695,430.394,426.027,394.734,435.341,394.9,393.718,343.177,211.016,241.954,243.965,224.475,250.234,231.66,197.275,207.769,227.424,267.409,285.388,320.923,335.334,389.256,477.27,462.267,476.062,511.488,528.918,551.554,562.885,484.171,497.882,517.771,572.564,553.905,568.488,622.23,661.763,728.477,807.676,871.123,914.794
Nigeria,no data,no data,no data,no data,no data,no data,no data,no data,no data,no data,652.915,615.663,521.905,553.126,760.992,1224.938,1560.382,1655.818,1802.587,481.951,554.64,583.187,730.836,780.399,963.236,1221.651,1563.031,1791.823,2197.776,1927.476,2328.425,2543.504,2756.41,2998.068,3222.691,2718.586,2176.001,1968.563,2153.094,2229.854,2083.162,2272.844,2562.185,2861.368,3150.501,3483.971,3854.824
North Macedonia ,no data,no data,no data,no data,no data,no data,no data,no data,no data,no data,no data,no data,1263.863,1383.543,1824.418,2387.158,2348.109,1980.429,1888.755,1931.989,1878.237,1839.616,1974.061,2440.813,2796.622,3071.897,3359.608,4076.296,4838.148,4579.092,4576.228,5097.26,4728.373,5239.649,5498.612,4860.422,5152.966,5462.379,6111.186,6044.439,5939.413,6711.734,7203.979,7692.056,8251.311,8856.035,9477.473
Norway,15746.262,15484.681,15196.29,14906.174,14968.787,15728.224,18853.07,22445.038,24143.118,24245.447,28187.181,28514.498,30432.89,27880.632,29236.375,34790.001,37225.29,36561.409,34717.064,36278.339,38047.948,38494.685,42997.959,50046.34,57512.221,66687.757,73970.24,84915.639,96563.223,79746.888,87356.193,100197.171,101129.905,102576.68,96657.575,74115.155,70223.817,75306.667,82082.117,75700.221,67326.071,82244.232,84119.215,86429.974,88167.216,89679.842,91231.21
Oman,4674.114,5251.746,5510.962,5363.892,5517.394,6129.204,4548.852,4488.916,4362.946,4605.009,6340.52,5937.75,6292.658,6102.666,6116.027,6355.283,6864.964,6965.197,6037.746,6605.919,8120.715,7961.211,8108.723,8565.258,9635.825,11873.176,13938.207,15436.806,21866.269,16784.913,19027.779,20641.47,21149.647,20435.846,20308.462,16570.735,14834.587,15482.125,17338.964,16529.391,14255.089,17632.651,18226.549,17888.761,17750.787,17741.892,17903.923
Pakistan,384.902,442.247,469.517,426.125,450.053,438.018,436.749,444.693,499.054,507.269,494.774,549.918,564.456,582.256,572.263,652.368,664.776,639.935,622.117,575.697,579.17,553.176,546.605,612.898,705.39,772.293,883.483,963.509,1030.764,993.725,1029.165,1216.748,1247.102,1263.594,1310.165,1422.923,1436.368,1544.17,1557.888,1352.723,1254.864,no data,no data,no data,no data,no data,no data
Palau,no data,no data,no data,no data,no data,no data,no data,no data,no data,no data,no data,no data,no data,no data,no data,no data,no data,no data,no data,no data,7862.501,8099.777,8388.523,7874.34,8386.409,9297.556,9649.44,10017.029,10281.347,9822.352,9986.289,10788.492,12058.413,12865.525,13993.291,16408.156,16776.843,16028.194,16328.652,15725.084,14731.695,11835.178,13602.815,15695.71,16414.201,17017.278,17566.776
Panama,2071.041,2288.369,2469.136,2477.122,2527.53,2614.785,2658.349,2613.099,2211.665,2171.726,2312.985,2489.709,2770.951,2963.32,3095.157,3099.915,3580.929,3791.269,4027.322,4136.061,4111.712,4094.966,4172.689,4312.62,4638.716,4965.212,5401.562,6127.034,7110.228,7532.399,8039.764,9314.687,10674.487,11841.893,12756.952,13606.597,14344.087,15178.301,15612.325,15830.98,12373.045,13861.061,14643.874,15481.385,16372.064,17319.296,18326.521
Papua New Guinea,1380.844,1319.408,1223.39,1194.658,1079.594,975.967,1039.809,1159.833,1565.167,1455.035,1265.882,1444.104,1546.581,1713.713,1834.984,1581.631,1639.773,1527.441,1138.365,1013.232,1007.517,862.099,814.701,995.275,1111.943,1269.526,1411.902,1576.159,1883.527,1833.09,2132.185,2552.043,2865.783,2800.173,2992.711,2742.919,2567.582,2755.488,2861.448,2886.589,2651.089,2951.977,3093.662,3212.225,3320.417,3440.801,3559.961
Paraguay,1299.661,1608.463,1636.527,1762.992,1390.886,1154.145,1335.761,1084.695,1392.417,977.835,1185.277,1585.242,1592.055,1580.207,1681.396,1897.134,2008.188,2003.578,1824.648,1706.395,1675.793,1577.681,1312.083,1377.521,1693.886,1857.78,2285.125,2988.684,4054.044,3623.931,4329.69,5301.834,5153.417,5892.846,6065.282,5360.077,5265.061,5608.156,5703.324,5299.667,4918.229,5028.217,5258.689,5467.532,5747.833,6016.241,6292.029
Peru,1164.828,1373.068,1332.455,1011.725,1018.785,861.599,1263.729,2040.65,1579.545,1908.456,1301.465,1530.736,1562.58,1487.861,1839.228,2147.428,2193.686,2272.351,2141.114,1903.93,1940.238,1935.546,2017.765,2159.744,2408.091,2669.214,3106.719,3587.798,4225.855,4171.73,5051.219,5727.14,6399.339,6631.027,6564.462,6139.231,6169.392,6728.074,7007.275,6961.696,6134.217,6676.517,6781.115,7149.522,7422.845,7689.99,7973.341
Philippines,774.484,829.816,843.471,735.714,678.342,645.597,615.047,666.915,744.307,816.961,828.821,830.407,946.762,949.733,1094.543,1237.311,1316.406,1279.835,988.487,1112.353,1087.287,1003.957,1050.297,1062.619,1137.068,1261.267,1470.825,1764.683,2011.633,1923.674,2237.157,2473.249,2721.252,2903.189,2995.504,3039.234,3107.646,3153.314,3279.519,3511.868,3322.512,3492.072,3621.212,3848.483,4081.493,4317.116,4567.06
Poland,1595.047,1497.841,1803.464,2056.958,2042.04,1899.817,1965.541,1691.129,1819.392,1772.091,1629.047,2105.486,2315.647,2351.742,2692.704,3612.264,4066.179,4075.977,4459.097,4348.147,4485.064,4987.859,5205.517,5699.557,6684.675,8023.921,9031.797,11252.863,13999.496,11532.283,12619.616,13879.525,13096.89,13688.355,14272.29,12563.614,12438.523,13868.906,15468.264,15726.878,15699.296,17318.497,19055.723,20561.522,22052.308,23691.58,25412.115
Portugal,3338.764,3296.654,3095.096,2838.655,2596.075,2716.645,3774.582,4724.451,5532.62,5977.577,7957.244,9026.301,10863.487,9547.643,9977.615,11787.315,12187.582,11594.755,12216.689,12487.712,11531.467,11734.878,12927.584,15793.852,18055.893,18790.561,19840.474,22813.667,24946.256,23126.175,22539.038,23213.126,20576.825,21653.505,22109.318,19252.015,19986.362,21482.834,23573.287,23333.317,22148.801,24457.144,26404.136,27997.748,29467.571,30933.381,32293.543
Puerto Rico,4507.15,4940.784,5146.929,5257.186,5777.438,6058.641,6495.499,6987.398,7579.339,8094.29,8675.576,9093.48,9687.443,10255.532,10942.949,11667.589,12305.024,12968.394,14430.159,15293.182,16192.127,18243.709,18972.77,19820.208,20988.989,21959.317,22935.951,23664.874,24898.335,25768.726,26435.742,27278.853,27944.742,28513.15,28981.343,29755.35,30585.55,31347.273,32789.063,32785.938,32645.395,34143.272,35106.435,35939.721,36693.806,37518.195,38414.45
Qatar,27242.483,27819.566,22657.373,18003.756,17496.536,15495.701,11644.458,11773.23,10853.896,11039.938,13150.172,11500.519,13038.976,11797.162,12009.396,13689.653,15143.479,18841.6,15421.783,19689.651,30461.311,28600.029,30701.131,35919.758,42548.115,54357.783,60591.776,65934.266,72484.634,53822.909,69796.138,96827.857,101933.117,99180.39,93054.141,66346.911,57965.377,59127.513,66421.693,62817.059,54184.966,61790.572,64768.005,65466.916,67109.343,68739.538,70733.985
Romania,2052.081,2450.352,2441.211,2125.157,1710.302,2101.997,2264.368,2517.949,2593.057,2314.744,1641.855,1241.063,847.68,1147.325,1317.048,1563.117,1565.472,1571.689,1885.349,1600.881,1661.714,1802.675,2113.596,2672.811,3483.726,4604.45,5740.402,8262.407,10385.848,8517.598,8194.719,9075.961,8491.033,9530.441,10021.543,8942.2,9520.439,10776.672,12361.143,12861.283,12867.64,14863.887,16293.051,17869.729,19284.429,20777.382,22268.771
Russian Federation,no data,no data,no data,no data,no data,no data,no data,no data,no data,no data,7084.753,5784.551,482.767,1322.006,1979.411,2264.343,2787.022,2935.03,1949.801,1427.307,1901.956,2255.253,2552.788,3197.573,4403.962,5708.838,7426.005,9761.368,12464.244,9156.97,11431.148,14306.432,15287.967,15928.699,14007.509,9257.935,8723.523,10723.996,11261.71,11516.604,10115.35,11273.242,11664.617,12024.438,12450.982,12908.401,13398.984
Rwanda,292.782,320.559,329.641,339.297,317.361,364.611,399.283,428.416,442.811,447.143,417.717,298.957,317.043,325.858,223.451,245.276,268.93,345.662,338.306,284.166,266.055,248.99,242.079,257.475,277.634,334.407,368.508,442.135,545.188,584.677,612.052,674.655,728.668,730.465,748.525,755.951,755.737,784.138,796.811,835.187,815.824,802.264,832.569,880.534,928.79,988.372,1045.86
Saint Kitts and Nevis,1338.747,1609.725,1847.251,1829.835,2144.801,2406.13,2851.256,3289.063,3926.955,4392.77,4969.878,4912.915,5386.942,5806.085,6407.518,6819.77,7195.174,8010.438,8260.891,8670.829,9279.584,9962.552,10304.318,9922.475,10566.955,11256.635,13095.2,13845.794,15451.231,15215.837,15136.905,16076.845,15710.513,16464.037,17753.633,17654.127,18397.052,19144.1,19269.742,20602.48,17173.238,16917.159,18728.918,19655.859,20336.162,21004.133,21773.213
Saint Lucia,1461.568,1645.688,1532.03,1627.3,2046.656,2279.211,2683.653,2921.986,3295.014,3668.487,4321.313,4511.868,4878.46,4922.705,5029.435,5271.835,5363.891,5385.615,5773.042,5998.05,5978.703,5651.874,5655.31,6147.526,6567.457,6910.814,7622.377,7936.976,8441.834,8508.3,8968.072,9424.945,9495.187,9756.132,10172.807,10386.815,10610.407,11262.038,11556.673,11782.752,8934.701,9419.272,10905.013,12026.901,12676.115,13075.077,13447.417
Saint Vincent and the Grenadines,836.558,1028.215,1136.549,1212.183,1329.021,1423.414,1561.269,1693.044,1923.872,2047.701,2274.433,2392.789,2610.539,2689.601,2719.63,2969.98,3116.202,3270.014,3513.872,3675.547,3728.566,4047.328,4327.57,4494.109,4847.164,5091.601,5623.32,6272.401,6366.705,6172.786,6224.215,6171.48,6318.54,6569.788,6622.444,6867.521,7033.491,7187.494,7353.638,7470.714,7304.344,6952.242,7720.924,8378.194,8915.714,9388.168,9829.002
Samoa,no data,no data,no data,no data,no data,no data,no data,no data,no data,no data,no data,no data,no data,no data,no data,no data,no data,no data,1533.119,1469.927,1462.992,1501.909,1620.79,1953.981,2327.801,2660.17,2759.755,3117.255,3596.531,3302.757,3617.358,4044.809,4014.463,4007.887,3937.707,4073.682,4109.085,4259.621,4266.499,4291.25,4090.055,3906.413,4019.183,4247.633,4476.95,4715.21,4928.038
San Marino,no data,no data,no data,no data,no data,no data,no data,no data,no data,no data,no data,no data,no data,no data,no data,no data,no data,no data,no data,no data,no data,no data,no data,no data,59293.605,61193.013,64494.91,72991.531,79110.201,67011.543,60426.235,57512.891,50336.185,51986.532,51234.869,43068.693,44308.666,45887.687,49477.281,48367.995,46282.468,50934.189,53800.03,55816.021,57678.925,59949.814,62122.029
Saudi Arabia,17655.087,18832.078,14912.688,11972.195,10558.736,8732.759,6955.067,6524.173,6398.832,6583.297,7734.968,8280.174,8077.748,7685.993,7626.361,7893.412,8527.67,8706.346,7525.302,8092.705,9256.515,8778.41,8822.493,9800.521,11467.103,14068.215,15603.985,16666.601,20157.29,16094.686,19163.342,23654.859,25208.174,24892.984,24929.318,21063.315,20288.897,21113.962,23538.94,23173.841,19995.704,23762.42,24224.377,24371.805,24683.31,25093.98,25698.569
Senegal,767.972,677.895,645.372,559.501,529.936,563.251,773.09,902.228,865.668,828.149,936.148,894.485,930.568,852.61,560.956,693.418,706.864,642.569,686.369,689.683,614.004,648.446,680.83,831.623,931.745,993.237,1027.786,1197.551,1403.795,1307.516,1272.622,1366.534,1318.614,1372.686,1397.017,1219.373,1269.553,1361.221,1458.73,1430.209,1474.018,1602.898,1699.4,1890.976,2012.744,2126.066,2231.177
Serbia,no data,no data,no data,no data,no data,no data,no data,no data,no data,no data,no data,no data,no data,no data,no data,no data,no data,2927.951,2302.29,1508.722,1239.745,1642.08,2158.378,2838.501,3317.624,3697.899,4401.87,5882.939,7092.355,6172.494,5677.545,6814.65,6016.788,6757.467,6603.499,5588.98,5765.204,6292.547,7252.404,7391.841,7645.791,8793.836,9560.924,10421.797,11278.829,12235.265,13228.976
Seychelles,2329.353,2403.455,2293.938,2280.452,2338.076,2588.553,3165.945,3638.988,4128.118,4407.201,5302.844,5314.655,6128.346,6559.088,6555.429,6748.825,6583.091,7280.929,7715.784,7747.491,7578.829,7663.083,8431.923,8524.935,10176.659,11093.314,12014.418,12155.702,11480.433,9707.265,10805.099,11647.017,11999.897,14762.223,14701.368,14786.118,15199.206,16180.944,16143.366,16389.253,11701.892,13140.368,17706.042,19463.209,21089.793,22897.989,24945.339
Sierra Leone,479.601,501.744,552.581,469.374,539.979,450.535,330.043,281.362,451.564,405.247,219.455,261.748,228.231,259.186,308.752,295.71,318.646,286.074,223.939,218.906,205.251,228.033,251.704,265.323,264.775,285.106,323.259,360.425,409.443,391.213,401.835,448.324,566.37,716.148,713.53,592.903,525.948,495.812,533.972,527.171,526.723,541.063,551.691,545.336,548.339,560.363,578.459
Singapore,5004.992,5672.105,6000.032,6717.837,7160.262,6788.387,6870.769,7794.688,9328.951,10725.743,12763.342,14501.96,16136.244,18290.132,21552.408,24914.851,26232.869,26375.868,21829.278,21796.642,23852.834,21699.748,22159.833,23730.379,27608.075,29961.308,33768.446,39432.895,40008.577,38926.813,47236.672,53891.462,55547.546,56967.426,57564.802,55645.607,56846.272,61175.437,66675.772,65641.309,59794.596,66263.418,69129.035,72492.127,75869.289,79169.488,82521.651
Slovak Republic,no data,no data,no data,no data,no data,no data,no data,no data,no data,no data,no data,no data,no data,2571.858,2950.872,3711.964,4004.797,4076.496,4236.587,3869.052,3839.791,3982.442,4626.832,6341.548,8040.066,9141.837,10700.341,14374.845,18074.643,16591.518,16783.991,18402.634,17502.513,18274.09,18713.36,16326.59,16529.162,17553.885,19395.849,19288.568,19144.915,21383.286,23323.326,25146.375,26830.336,28486.599,30017.182
Slovenia,no data,no data,no data,no data,no data,no data,no data,no data,no data,no data,no data,no data,9639.353,8357.938,8468.242,10748.462,10810.791,10470.497,11168.219,11509.456,10259.439,10502.321,11804.818,14873.628,17254.827,18152.062,19723.859,23912.494,27744.28,24854.16,23570.184,25156.069,22674.365,23516.591,24263.895,20898.86,21681.281,23511.316,26217.34,26039.096,25548.766,28939.271,31025.508,33172.853,35312.342,37544.959,39807.168
Solomon Islands,793.126,812.613,782.732,711.899,691.205,611.271,529.413,540.763,598.343,570.057,689.006,709.335,815.269,885.84,1153.332,1306.619,1381.745,1385.672,1171.2,1215.243,1017.406,965.95,795.547,788.627,867.004,1014.727,1119.606,1260.254,1389.07,1428.612,1604.149,1938.79,2141.921,2248.693,2278.422,2174.312,2229.571,2291.676,2398.812,2356.619,2281.348,2356.505,2514.939,2698.583,2839.44,2955.269,3072.232
Somalia,no data,no data,no data,no data,no data,no data,no data,no data,no data,no data,no data,no data,no data,no data,no data,no data,no data,no data,no data,no data,no data,no data,no data,no data,no data,no data,no data,no data,no data,no data,no data,no data,301.676,316.021,312.727,310.457,312.857,326.515,327.321,346.156,331.637,350.361,369.62,403.277,437.788,464.394,490.693
South Africa,no data,no data,no data,no data,no data,no data,no data,no data,no data,no data,no data,no data,no data,3716.196,3786.214,4145.209,3869.699,3937.655,3508.142,3423.597,3382.066,2964.028,2791.181,4209.22,5415.092,6033.215,6276.172,6776.462,6355.879,6552.264,8130.194,8799.477,8207.06,7458.038,6984.926,6256.666,5750.785,6678.291,6984.474,6598.879,5624.5,6861.166,7081.872,7270.273,7450.59,7627.628,8162.353
"South Sudan, Republic of",no data,no data,no data,no data,no data,no data,no data,no data,no data,no data,no data,no data,no data,no data,no data,no data,no data,no data,no data,no data,no data,no data,no data,no data,no data,no data,no data,no data,no data,no data,no data,1644.739,1041.463,1337.232,1334.089,1245.684,286.208,277.692,359.062,343.006,322.201,230.132,313.592,389.665,388.388,377.554,440.621
Spain,6128.024,5381.909,5171.535,4501.838,4471.654,4694.759,6477.301,8187.29,9598.667,10566.133,13693.638,14697.501,16013.155,13409.697,13419.62,15475.607,16095.75,14782.949,15457.11,15814.188,14761.108,15400.911,17097.916,21501.074,24932.129,26438.031,28414.133,32588.562,35484.39,32131.382,30566.877,31676.69,28344.776,29084.958,29524.755,25764.215,26535.546,28196.759,30423.167,29576.25,27179.446,30536.858,33171.165,34906.777,36508.451,37985.711,39389.013
Sri Lanka,323.039,331.643,353.59,377.293,437.552,428.611,454.825,468.952,485.277,482.238,546.464,591.178,630.112,666.574,761.606,802.204,873.9,971.235,992.717,992.283,1030.756,984.014,1027.092,1124.828,1218.727,1429.454,1642.829,1865.875,2332.255,2391.695,2799.963,3199.475,3347.887,3607.152,3817.133,3841.519,3885.761,4076.747,4057.326,3851.666,3681.549,3665.765,3760.379,3991.484,4240.866,4505.441,4786.45
Sudan,486.908,339.389,239.807,318.513,375.019,253.184,328.588,516.781,404.705,696.391,87.197,95.292,113.476,186.506,205.922,239.507,292.909,350.723,366.582,352.442,422.316,492.676,554.652,635.575,772.939,996.677,1249.767,1599.596,1700.513,1401.244,1637.419,2034.461,1396.292,1462.582,1628.497,1679.074,1638.514,1172.969,796.298,776.549,775.635,789.448,809.088,841.11,889.609,944.043,998.771
Suriname,no data,no data,no data,no data,no data,no data,no data,no data,no data,no data,1413.616,1535.96,1406.579,1093.085,1213.311,2270.813,2790.049,2945.34,3495.323,2837.245,2904.549,2464.817,3075.376,3571.556,4057.746,4800.797,5577.122,6165.518,7316.459,7917.317,8806.017,8770.289,9844.747,10013.725,10042.68,9036.347,5761.783,6156.461,6772.07,6662.874,4786.833,4620.395,4759.46,4986.294,5175.615,5364.202,5561.568
Sweden,16877.243,15396.745,13576.621,12470.948,12976.142,13549.507,17852.72,21629.289,24339.27,25412.176,30253.863,31490.221,32584.883,24351.052,25978.285,30246.923,32986.123,30307.156,30585.081,30928.571,29589.141,27207.49,29846.186,37249.257,42736.876,43349.851,46425.841,53496.534,55929.862,46734.909,52658.794,60540.218,57816.023,60845.007,59704.814,51274.278,51590.473,53459.072,54295.731,51694.498,52129.129,58639.194,61680.598,65769.747,68523.934,72034.543,75506.934
Switzerland,19463.945,17725.794,18022.269,17864.541,17049.723,17230.781,24576.927,30563.656,32818.824,31478.186,39888.213,39868.407,40911.467,39386.136,43241.988,50329.762,48254.479,41697.283,42809.617,41857.869,39073.979,39946.655,42807.414,49683.005,55006.03,56660.701,59505.877,65774.861,75076.973,72460.746,77431.92,91699.23,87037.301,88721.54,90258.364,85238.522,83515.544,83700.471,86762.015,85721.728,87366.598,93515.484,98770.706,102030.377,106657.087,110400.079,115413.444
Syria,1421.836,1763.344,1784.577,1849.427,1839.915,1965.139,2284.039,2823.157,1389.823,800.859,967.145,972.175,983.575,995.061,1060.707,1133.162,1186.162,1080.812,1028.169,1043.174,1202.891,1236.897,1305.087,1208.885,1361.499,1510.392,1726.028,2016.052,2557.211,2557.267,2806.685,no data,no data,no data,no data,no data,no data,no data,no data,no data,no data,no data,no data,no data,no data,no data,no data
SÃ£o TomÃ© and PrÃ­ncipe,775.709,931.011,876.128,800.45,812.985,837.601,1142.825,1111.67,922.926,892.384,1050.252,920.765,788.501,1033.02,1058.931,820.593,1050.097,700.969,541.273,568.499,550.516,505.213,552.891,647.954,692.685,809.407,839.546,885.101,1125.875,1098.369,1128.309,1302.775,1380.112,1619.708,1826.92,1623.805,1737.727,1842.326,1988.722,2021.926,2189.676,2392.893,2523.794,2656.963,2794.22,2938.195,3002.281
Taiwan Province of China,2366.797,2691.494,2675.311,2881.66,3202.615,3293.869,4008.134,5325.173,6338.1,7575.906,8167.2,9081.901,10715.536,11256.711,12099.746,13066.128,13588.306,13948.722,12767.078,13752.716,14844.238,13357.195,13651.355,14040.597,15290.307,16427.459,16892.883,17723.704,18053.591,16904.543,19181.358,20838.589,21256.361,21945.46,22844.316,22752.991,23070.733,25061.624,25825.566,25935.899,28358.295,33401.709,36227.09,38396.977,40749.601,42801.84,44978.598
Tajikistan,no data,no data,no data,no data,no data,no data,no data,no data,no data,no data,no data,no data,52.622,121.645,147.923,100.448,183.374,192.58,222.282,177.712,159.417,167.035,187.958,236.394,308.844,337.129,401.586,519.025,702.445,666.024,738.287,834.52,949.648,1040.15,1105.197,919.073,795.981,800.802,825.77,873.499,843.974,839.18,890.169,929.2,968.773,1013.317,1050.58
Tanzania,602.924,699.181,778.244,772.741,682.028,596.872,732.197,350.129,324.721,271.496,211.031,237.573,213.148,190.679,195.663,221.366,266.49,307.987,370.188,370.918,380.08,377.469,382.354,401.069,428.927,459.757,491.056,551.781,683.137,693.025,732.315,768.16,867.857,970.348,1030.74,947.897,966.29,1002.869,1036.93,1079.684,1110.372,1159.193,1211.768,1264.244,1321.451,1383.63,1448.614
Thailand,705.484,744.913,767.41,824.445,845.08,772.393,840.315,967.712,1160.538,1338.257,1564.175,1769.043,1999.204,2209.362,2491.433,2846.59,3043.982,2468.182,1845.829,2031.165,2003.605,1890.25,2094.257,2356.968,2657.909,2890.482,3366.815,3973.994,4373.451,4208.355,5073.705,5493.743,5862.993,6168.708,5952.377,5837.807,5995.205,6596.224,7293.885,7816.23,7187.855,7808.663,8356.182,8791.909,9316.648,9869.304,10441.091
Timor-Leste,no data,no data,no data,no data,no data,no data,no data,no data,no data,no data,no data,no data,no data,no data,no data,no data,no data,no data,no data,no data,409.156,525.331,509.279,523.851,462.954,476.785,458.878,537.236,627.16,683.31,806.413,947.511,1013.043,1210.04,1232.454,1332.792,1353.747,1286.407,1230.225,1560.509,1347.864,1262.722,1301.323,1344.333,1384.539,1453.89,1530.175
Togo,732.897,588.837,478.885,439.532,388.995,393.789,533.68,607.02,655.62,625.669,734.496,709.219,728.16,543.292,411.811,530.121,563.017,555.862,509.651,495.79,409.01,395.011,442.767,535.374,557.462,548.802,550.519,606.782,736.985,728.528,721.037,791.925,771.891,838.357,864.996,770.358,802.935,830.452,901.932,893.161,915.625,1000.438,1075.567,1151.566,1230.432,1312.315,1394.896
Tonga,770.303,850.554,843.209,818.461,854.275,802.926,959.286,1037.126,1213.22,1461.359,1498.504,1750.858,1832.835,1884.492,1948.137,2123.283,2228.293,2263.661,2153.245,1994.282,2045.81,1818.184,1828.634,2015.247,2288.897,2587.295,2876.124,2925.938,3367.714,3046.764,3569.101,4014.77,4557.282,4386.109,4303.818,4298.224,4178.289,4577.004,4836.444,5150.551,4978.802,5009.784,5398.003,5700.372,6034.761,6332.73,6668.222
Trinidad and Tobago,5847.707,6454.418,7393.152,6939.437,6831.216,6411.214,4121.173,4085.591,3798.754,3625.717,4221.813,4392.869,4474.142,3743.583,4027.423,4322.255,4658.874,4632.813,4872.619,5478.856,6545.953,7046.379,7162.514,8931.032,10442.168,12471.953,14280.042,16818.278,21479.282,14809.02,16957.433,19300.833,19157.448,20143.458,20270.948,18214.365,16256.456,16173.659,17037.954,16637.108,15424.821,15352.721,16323.032,16805.62,17220.615,17647.042,18088.325
Tunisia,1482.823,1390.414,1309.899,1322.84,1286.6,1271.845,1312.226,1382.408,1411.506,1386.015,1636.643,1687.19,1973.446,1814.879,1903.845,2156.454,2299.375,2210.809,2295.188,2388.986,2213.949,2254.913,2345.99,2762.051,3112.91,3194.48,3371.538,3778.891,4308.911,4131.023,4140.465,4256.837,4137.572,4198.849,4274.467,3829.495,3665.678,3436.203,3442.696,3324.127,3294.88,3555.587,3747.541,3916.276,4094.26,4257.456,4399.399
Turkey,2133.685,2113.068,1876.637,1753.332,1668.464,1835.181,1983.05,2260.66,2333.225,2707.896,3738.161,3691.37,3818.769,4261.644,3026.717,3880.859,4099.228,4221.923,4384.471,4020.272,4237.961,3082.899,3617.23,4684.698,6015.665,7350.887,7961.078,9640.571,10778.131,8941.404,10533.45,11221.402,11637.915,12488.968,12079.287,10973.586,10891.19,10628.898,9507.996,9145.769,8610.029,9406.575,9863.961,10922.674,12110.437,13445.835,14906.395
Turkmenistan,no data,no data,no data,no data,no data,no data,no data,no data,no data,no data,no data,no data,409.7,2288.146,1888.785,2388.869,949.573,1053.191,1109.02,1476.502,1900.259,2594.454,3221.222,4186.324,5147.982,6160.906,7588.66,9101.867,7452.444,6915.08,6855.9,8726.748,9824.927,9899.533,10591.664,7575.883,6823.713,7248.37,7064.883,7899.961,7673.596,8843.868,9939.11,10880.197,11943.241,13139.02,14482.33
Tuvalu,no data,no data,no data,no data,no data,no data,no data,no data,no data,no data,no data,no data,no data,no data,no data,no data,no data,no data,no data,no data,no data,no data,1741.529,2075.674,2385.564,2348.707,2464.219,2865.977,3186.846,2759.034,3133.042,3777.342,3609.113,3615.373,3583.652,3396.69,3798.272,4255.25,4507.665,5052.111,5105.926,6004.1,6455.941,6965.409,7468.556,7982.842,8497.585
Uganda,664.574,1044.13,703.042,779.82,581.032,514.181,494.509,768.935,767.651,599.952,472.193,238.48,216.036,247.107,346.255,401.893,401.413,423.918,402.455,370.515,355.466,347.812,361.953,361.772,430.758,483.032,527.739,634.361,784.496,815.808,808.713,872.039,950.56,964.833,960.698,773.276,809.568,833.42,881.5,954.253,925.264,1018.436,1074.676,1097.512,1170.95,1282.489,1402.668
Ukraine,no data,no data,no data,no data,no data,no data,no data,no data,no data,no data,no data,no data,427.863,677.261,740.97,752.339,914.348,1037.893,874.265,664.99,664.376,784.864,885.315,1055.946,1374.753,1839.515,2319.286,3101.388,3944.724,2557.279,2982.814,3589.632,3872.534,3968.854,3053.608,2124.33,2200.002,2655.661,3118.268,3690.071,3741.06,4384.237,4958.312,5439.549,5957.961,6553.716,7185.05
United Arab Emirates,40014.582,40910.917,35767.654,31690.067,29017.094,27035.998,20533.019,21644.071,18435.195,20478.526,26621.511,25847.406,25960.965,25654.369,25762.53,26394.423,29058.859,29523.485,25897.653,27321.043,34688.979,32621.292,32790.711,35017.312,39304.507,43984.093,44313.551,41472.246,39074.713,30920.425,35065.935,41775.701,43932.903,45040.067,45817.068,40064.448,39144.669,41443.891,45075.57,43900.15,38661.176,43537.689,44752.862,45670.153,46748.556,48008.214,49445.497
United Kingdom,10722.219,10427.132,9925.572,9455.138,8944.86,9494.257,11556.813,14312.475,17386.502,17650.676,20854.865,21725.34,22385.424,19997.185,21425.4,23125.857,24359.369,26726.497,28247.544,28672.042,28212.729,27727.892,30032.213,34421.364,40252.449,41971.804,44549.727,50467.113,47753.722,38885.076,39579.618,42044.616,42453.471,43444.632,47480.801,45053.488,41177.828,40349.865,43063.738,42416.598,40394.127,46200.258,50879.451,52730.907,55160.082,57857.396,60613.925
United States,12552.943,13948.701,14404.994,15513.679,17086.441,18199.32,19034.766,20000.968,21375.999,22814.077,23847.977,24302.776,25392.931,26364.192,27674.021,28671.48,29946.973,31440.087,32833.666,34496.241,36312.782,37101.453,37945.761,39405.354,41641.617,44034.256,46216.853,47943.353,48470.553,47102.428,48586.288,50008.108,51736.738,53245.516,55083.507,56729.681,57839.992,59885.714,62769.664,65051.88,63358.489,69375.375,74725.001,77881.313,80714.781,83563.823,86428.68
Uruguay,4139.894,4588.983,3727.408,2032.97,1920.896,1865.107,2302.543,2864.701,2946.361,3088.005,3573.099,4281.106,4890.509,5663.12,6534.597,7171.511,7577.012,7925.923,8329.081,7814.547,7405.972,6776.82,4425.116,3926.713,4456.8,5637.982,6347.279,7587.881,9808.916,10181.702,12883.878,15267.777,16253.468,18167.344,18003.214,16692.648,16446.227,18388.305,18472.857,17601.265,16023.35,16965.081,17930.509,18466.467,19170.47,19954.912,20711.255
Uzbekistan,no data,no data,no data,no data,no data,no data,no data,no data,no data,no data,no data,no data,209.573,315.613,366.873,561.752,754.528,772.325,773.322,868.991,702.209,587.633,481.995,499.329,585.221,689.391,811.157,1048.715,1324.54,1523.417,1777.487,2067.524,2284.525,2440.258,2651.384,2761.29,2712.808,1899.657,1611.233,1801.428,1767.493,1901.492,2078.944,2277.037,2501.742,2740.844,3002.189
Vanuatu,1053.849,956.137,930.89,931.689,1111.403,976.747,918.675,989.126,1092.048,1054.904,1141.043,1333.385,1357.696,1277.011,1422.849,1479.565,1511.705,1537.62,1441.112,1435.664,1422.228,1317.091,1313.463,1542.059,1743.287,1824.505,1985.357,2308.554,2540.715,2519.625,2719.254,3007.564,2934.853,2940.193,2947.953,2771.657,2844.132,3158.835,3256.321,3147.047,3090.469,3235.205,3355.574,3486.329,3607.644,3699.817,3793.283
Venezuela,4671.078,5085.58,5041.589,4883.234,3447.45,3472.186,3488.564,2619.24,3292.792,2378.158,2492.939,2685.293,2968.496,2876.077,2741.979,3559.77,3174.631,3778.537,3970.433,4133.37,4820.646,4963.916,3778.255,3266.095,4311.999,5421.656,6646.803,8538.102,11079.069,9557.55,11158.18,12180.028,11993.39,8695.044,6747.666,10568.1,9092.02,4725.05,3404.428,2299.308,1690.659,1627.353,1617.763,no data,no data,no data,no data
Vietnam,652.593,318.521,414.347,612.565,1044.409,318.956,705.99,856.91,464.581,123.364,121.715,141.111,178.973,234.983,285.953,358.661,419.063,449.338,448.119,465.248,498.579,513.197,546.555,610.357,756.981,873.136,996.255,1152.267,1446.562,1481.442,1628.013,1949.826,2197.619,2369.973,2566.854,2581.907,2720.168,2957.899,3201.686,3398.214,3522.51,3742.858,4187.471,4605.445,5081.409,5601.402,6148.539
West Bank and Gaza,no data,no data,no data,no data,no data,no data,no data,no data,no data,no data,no data,no data,no data,no data,1227.237,1322.057,1296.081,1350.947,1416.578,1441.889,1412.75,1275.685,1102.5,1197.161,1350.906,1461.093,1480.704,1563.701,1913.316,2061.558,2406.261,2711.917,2888.598,3122.985,3158.599,3084.132,3325.846,3407.307,3353.225,3442.754,3050.546,3320.853,3514.222,3648.08,3720.811,3778.575,3833.634
Yemen,no data,no data,no data,no data,no data,no data,no data,no data,no data,no data,1046.183,1158.438,1351.436,1558.429,1919.182,840.832,411.266,418.526,374.911,439.292,539.641,532.421,560.031,597.771,682.148,797.704,881.648,971.326,1171.169,1060.926,1266.787,1302.302,1367.715,1515.946,1574.246,1500.671,1075.025,895.427,701.126,691.587,580.221,585.003,587.408,612.947,637.373,666.75,689.637
Zambia,718.795,718.743,672.013,562.441,448.532,412.851,276.151,332.268,543.316,561.832,509.752,446.778,424.949,405.587,405.544,410.542,378.71,440.701,352.627,330.283,340.164,356.323,376.468,429.01,530.54,691.554,1030.685,1103.688,1365.933,1135.008,1456.052,1635.168,1724.628,1839.334,1726.647,1310.458,1254.12,1500.962,1480.42,1272.238,1023.163,1115.272,1195.777,1186.787,1187.483,1212.436,1243.117
Zimbabwe,no data,no data,no data,no data,no data,no data,no data,no data,no data,no data,1036.534,936.263,748.65,702.439,714.032,717.092,849.876,881.223,1029.202,1003.834,969.824,964.08,922.878,822.472,806.898,764.632,677.881,646.558,553.376,790.352,975.851,1131.836,1310.366,1421.548,1415.027,1425.014,1444.263,1526.712,1606.111,1314.09,1443.415,1664.758,1757.985,1731.923,1728.266,1769.629,1846.609
Africa (Region),no data,no data,no data,no data,no data,no data,no data,no data,no data,no data,1085.453,973.752,944.777,915.578,876.849,1020.369,1110.982,1127.066,1112.642,898.978,899.128,849.345,847.789,993.019,1158.162,1329.209,1494.491,1699.714,1917.562,1777.471,2031.708,2203.249,2284.511,2299.646,2316.032,2057.782,1908.999,1875.327,1950.066,1956.983,1847.243,2028.197,2150.591,2273.064,2392.895,2526.48,2687.694
Asia and Pacific,964.157,1011.383,965.096,1007.591,1049.951,1050.792,1312.607,1530.483,1794.336,1831.937,1876.819,2034.639,2148.468,2383.001,2540.817,2844.584,2735.137,2594.138,2284.629,2506.443,2650.842,2442.802,2466.147,2719.882,3034.509,3245.098,3436.439,3887.347,4348.737,4425.588,5117.482,5825.874,6125.015,6156.911,6318.263,6205.73,6396.293,6794.715,7225.207,7359.226,7306.528,8031.335,8620.894,9221.662,9809.058,10413.442,11032.506
Australia and New Zealand,10337.943,11644.647,11385.154,10802.834,11601.2,10269.083,10743.796,12675.306,15787.756,17328.479,17942.182,17591.686,17022.427,16604.501,18845.726,20205.893,22327.664,22179.245,19422.129,20650.088,19705.555,18469.222,20650.926,26076.485,31419.457,34657.513,35910.451,42894.043,46269.543,42822.36,52672.296,62457.531,63804.844,61474.628,58860.832,49341.777,49891.542,53705.036,54240.605,52474.643,50965.242,60248.835,62694.772,65491.673,67930.967,70320.111,72744.378
Caribbean,1531.946,1642.939,1795.495,1764.312,1745.446,1756.782,1645.574,1523.205,1518.21,1600.968,1719.474,1687.118,1644.063,1670.749,1869.244,2237.921,2383.042,2538.421,2690.649,2827.524,2932.428,2921.153,2994.976,3059.525,3352.594,3749.746,4041.926,4518.224,5039.838,4377.144,4636.025,4965.937,5086.111,5173.718,5193.965,5037.59,4737.711,4856.087,5075.283,4988.766,4359.939,4839.567,5124.666,5425.788,5598.036,5768.162,5942.374
Central America,1282.578,1250.976,1226.478,1251.23,1438.675,1205.307,1086.235,1128.263,1107.769,1206.204,1118.35,1279.435,1430.993,1547.189,1583.17,1724.277,1805.45,1929.173,2047.56,2034.55,2121.671,2195.145,2272.449,2186.33,2296.947,2706.237,2918.026,3268.356,3622.263,3563.813,3904.817,4308.305,4575.937,4781.631,5026.094,5305.554,5520.376,5761.787,5900.948,6023.044,5470.979,5875.007,6190.648,6475.466,6793.99,7129.663,7489.703
Central Asia and the Caucasus,2133.685,2113.068,1876.637,1753.332,1668.464,1835.181,1983.05,2260.66,2333.225,2707.896,3738.161,no data,1912.123,2239.922,1671.168,2183.731,2340.707,2431.178,2524.735,2337.211,2453.838,no data,1989.69,2522.755,3224.008,3960.899,4483.915,5513.455,6275.417,5341.333,6291.283,6995.768,7326.672,7851.322,7621.96,6698.268,6276.655,6214.87,5750.263,5663.21,5305.825,5824.033,6109.134,6652.218,7246.399,7897.722,8609.003
East Asia,1345.555,1427.812,1337.44,1438.817,1507.113,1556.794,2105.059,2508.344,3020.931,3067.105,3081.91,3456.865,3773.706,4274.165,4590.942,5149.134,4804.155,4519.799,4104.15,4577.029,4925.796,4537.582,4527.01,4907.668,5407.847,5683.567,5903.895,6489.531,7397.996,7726.821,8779.033,10077.523,10736.948,10775.243,11174.207,11209.324,11595.272,12256.811,13343.899,13632.077,13882.804,15315.425,16545.665,17781.625,18987.59,20225.096,21490.659
Eastern Europe ,1996.603,2103.666,2258.094,2265.029,2160.768,2138.522,2207.307,2239.811,2614.094,no data,no data,no data,976.645,1454.501,1903.817,2356.177,2699.366,2782.533,2433.1,2102.478,2295.273,2613.678,2971.323,3641.413,4656.512,5727.175,6968.649,9030.974,11316.28,8860.714,10040.341,11894.128,12075.047,12666.735,11922.08,8989.46,8842.052,10331.369,11284.033,11594.55,10884.31,12232.017,13098.901,13903.713,14727.645,15596.588,16486.165
Europe,8994.354,8056.11,7778.157,7559.819,7250.323,7483.892,10060.515,12328.346,13752.907,no data,no data,no data,13261.866,12174.294,13069.044,14812.378,15158.915,14246.149,14491.438,14353.484,13486.04,13717.945,14998.154,18196.944,21108.93,22323.405,24101.803,28046.027,30742.703,26956.465,27360.55,30069.306,28738.15,29904.044,30327.424,25991.815,25948.993,27538.635,29683.978,29249.5,28200.714,31651.371,34003.642,35677.71,37361.758,39091.73,40831.944
Middle East (Region),5678.119,5915.318,5437.389,5381.417,5199.851,4902.86,4812.14,5690.19,5715.238,6278.09,7894.064,5342.689,3357.47,3467.769,3691.237,4051.753,4561.023,4787.447,4629.115,5263.096,6375.475,5858.162,4587.102,4412.9,5181.841,6151.837,7043.506,8127.896,9860.125,8497.59,9825.236,12694.591,12338.914,12583.664,12600.414,10712.269,10505.565,11097.865,11933.671,12319.879,11876.495,14120.474,14671.512,15036.096,15445.197,15879.563,16359.752
North Africa,1548.108,1443.547,1455.732,1484.135,1496.108,1612.772,1624.691,1831.649,1882.168,2070.635,2054.792,1519.738,1512.939,1479.561,1445.951,1562.167,1701.619,1718.21,1738.584,1808.502,1874.825,1805.12,1636.85,1788.268,1986.082,2269.97,2551.317,2961.672,3512.209,3257.989,3653.374,3765.752,4178.231,4049.032,3960.51,3650.708,3564.118,3089.565,3238.657,3423.521,3426.167,3725.876,3944.408,4134.751,4310.021,4498.674,4704.775
North America,10457.893,11686.633,11731.442,12418.412,13601.14,14385.174,14755.961,15564.767,16773.882,17980.238,18830.47,19291.838,20088.555,20918.945,21835.939,22106.304,23123.812,24384.272,25313.179,26696.554,28313.075,28914.37,29516.171,30665.7,32548.608,34659.111,36611.408,38198.393,38767.908,36889.969,38646.642,40133.999,41297.208,42387.388,43507.773,43698.887,44099.57,45778.977,47865.412,49386.072,47553.792,52596.377,56521.538,58856.223,60949.403,63049.077,65167.298
Pacific Islands ,1419.934,1376.584,1284.586,1234.393,1163.722,1062.692,1135.812,1200.114,1487.042,1420.634,1322.052,1471.118,1580.219,1723.997,1868.556,1713.115,1788.622,1693.218,1306.413,1253.894,1191.707,1065.932,1047.286,1266.356,1431.633,1606.849,1736.593,1923.614,2197.028,2055.849,2340.773,2776.849,3048.968,3019.713,3195.852,2966.177,2850.001,3050.392,3160.784,3162.5,2866.83,3121.219,3280.115,3436.167,3576.188,3715.689,3849.386
South America,2454.906,2409.834,1997.152,1832.996,1759.015,1903.537,2106.896,2192.565,2396.906,2577.066,2790.858,2812.823,2956.017,3137.888,3672.999,4519.811,4742.996,4965.898,4829.918,3839.565,3995.825,3621.323,2812.452,2991.551,3571.754,4507.706,5417.765,6661.225,8001.152,7625.28,9667.223,11282.137,11139.242,11030.054,10606.849,9076.546,8669.435,9343.862,8691.105,8199.298,6627.307,7524.973,8057.525,8471.886,8948.326,9384.911,9818.428
South Asia,281.326,289.12,292.416,302.21,295.631,312.657,322.82,349.742,366.014,364.068,382.586,337.849,350.658,340.312,377.726,411.394,436.124,448.461,446.073,464.764,467.122,469.669,484.926,555.465,633.828,714.084,797.688,994.254,995.304,1076.92,1298.181,1389.928,1386.023,1405.02,1521.305,1571.455,1684.559,1907.068,1934.661,2001.464,1866.098,2041.968,2220.356,2381.027,2545.601,2722.085,2905.079
Southeast Asia,777.13,767.428,799.2,803.287,893.463,746.603,757.633,801.95,819.039,852.681,947.247,1044.602,1167.017,1286.255,1444.962,1653.215,1803.729,1683.873,1025.959,1187.582,1250.819,1190.156,1309.912,1455.175,1624.025,1787.153,2112.939,2490.697,2862.445,2794.715,3415.369,3922.222,4113.786,4201.594,4186.104,4018.368,4164.532,4445.523,4714.236,4937.879,4650.195,4979.69,5328.137,5702.572,6073.402,6459.165,6863.891
Sub-Saharan Africa (Region) ,no data,no data,no data,no data,no data,no data,no data,no data,no data,no data,862.794,849.306,816.874,789.081,750.151,900.141,980.931,997.738,976.783,703.189,691.621,647.967,683.128,829.098,989.222,1139.008,1282.752,1449.444,1603.522,1487.976,1716.96,1903.034,1922.939,1967.705,2005.821,1758.972,1600.637,1648.097,1710.974,1687.346,1559.469,1721.086,1828.919,1942.178,2055.281,2182.234,2338.784
Western Europe,10530.919,9366.809,8998.818,8738.459,8388.27,8682.904,11826.117,14600.595,16257.865,16471.805,20306.754,21471.6,23245.568,21034.548,22246.604,25444.161,25858.152,24263.59,24972.938,24933.5,23084.801,23159.771,25112.785,30319.894,34690.332,35882.388,37980.298,43324.56,46216.891,41287.104,40993.325,44286.325,41718.832,43285.845,44554.638,39067.487,39034.547,40635.744,43611.032,42545.487,41173.726,46141.079,49534.537,51784.931,54031.96,56322.438,58610.917
Western Hemisphere (Region),6721.311,7346.03,7185.956,7466.387,8050.267,8496.919,8745.883,9183.209,9877.962,10567.475,11047.544,11286.28,11750.1,12245.633,12865.049,13350.406,13927.338,14655.993,15061.745,15331.935,16198.12,16325.419,16274.604,16907.338,18092.262,19561.846,20931.207,22273.848,23145.74,22017.049,23765.313,25202.424,25723.295,26216.22,26592.035,26029.7,26047.76,27170.352,27938.483,28455.895,26784.548,29663.776,31831.105,33152.706,34372.602,35570.324,36772.878
ASEAN-5,746.161,732.669,761.511,757.469,843.358,683.404,720.252,761.285,769.155,791.254,869.41,952.595,1063.504,1169.998,1306.291,1490.156,1631.719,1502.518,951.265,1133.975,1182.511,1131.453,1265.557,1416.73,1568.01,1722.735,2047.12,2405.362,2786.575,2709.083,3316.418,3782.601,3964.764,4042.275,4011.564,3843.717,4000.516,4276.492,4515.967,4773.07,4494.46,4828.211,5202.458,5590.636,5972.483,6371.042,6789.651
Advanced economies,10308.348,10389.773,10247.89,10599.043,11024.703,11540.67,14017.797,16206.996,18193.308,18846.182,20975.03,22203.566,23573.552,23393.927,24937.624,27026.145,27042.542,26354.975,26292.006,27524.215,27819.085,27354.028,28357.462,31614.428,34857.865,36443.483,38085.791,41326.997,43340.671,40659.697,42251.352,45124.053,44756.241,44953.535,45773.754,43091.564,44018.651,45712.835,48185.654,48470.657,47161.286,52111.461,55863.323,58514.462,60929.152,63338.053,65738.48
Emerging and Developing Asia,360.356,350.483,350.974,364.296,375.705,358.171,359.979,386.375,423.495,443.047,438.105,433.989,483.656,538.649,553.557,652.262,727.869,745.201,670.103,726.304,770.297,802.791,869.022,979.61,1123.979,1284.447,1507.036,1890.783,2251.712,2422.782,2892.412,3420.798,3733.634,4047.456,4330.361,4464.893,4547.602,4958.556,5423.978,5620.853,5639.122,6282.915,6829.375,7348.329,7885.143,8445.701,9026.329
Emerging and Developing Europe,2046.065,2107.094,2117.571,2074.814,1975.882,2023.458,2121.416,2247.872,2504.385,no data,no data,no data,1382.649,1856.605,2038.025,2449.399,2764.608,2869.246,2561.084,2214.542,2438.677,2499.485,2844.626,3516.045,4539.265,5637.684,6726.089,8612.783,10579.717,8276.154,9615.283,11222.938,11543.185,12179.179,11443.02,8865.666,8690.104,9789.125,10195.593,10363.983,9667.896,10795.285,11480.185,12259.435,13090.544,13993.341,14952.991
Emerging market and developing economies,889.88,909.412,840.586,811.327,797.285,787.848,791.582,857.068,921.613,986.383,1281.381,1154.771,949.147,1057.373,1123.399,1270.896,1396.735,1459.38,1372.224,1308.784,1413.004,1397.184,1368.297,1517.595,1781.007,2101.438,2452.938,2983.66,3527.973,3326.807,3946.674,4603.605,4791.592,5021.241,5110.54,4772.484,4709.143,5070.544,5356.364,5447.83,5216.943,5845.095,6269.895,6667.393,7079.035,7507.2,7953.85
Euro area,no data,no data,no data,no data,no data,no data,no data,no data,no data,no data,no data,19644.739,21571.562,19512.712,20545.514,24189.976,24496.666,21937.912,22295.847,22286.31,20254.483,20483.685,22247.872,27247.318,31065.636,32032.532,33869.775,38843.909,42463.618,38615.841,37716.819,40750.375,37710.041,39257.772,39998.762,34477.772,35220.506,37211.051,40165.985,39262.728,37967.976,42346.782,45390.837,47569.47,49637.604,51704.669,53720.935
European Union,8541.282,7506.955,7253.268,7072.856,6795.831,6979.735,9565.054,11698.716,12873.505,13056.678,15988.049,16966.151,18239.443,16337.107,17290.057,19544.827,19842.06,18198.497,18740.12,18619.762,17054.264,17299.038,18856.04,23106.054,26464.178,27522.482,29277.348,33810.886,37287.583,33683.46,33232.746,35904.191,33313.946,34762.091,35518.706,30682.842,31384.746,33299.341,36009.123,35273.696,34305.159,38337.875,41143.206,43299.403,45328.798,47388.582,49410.342
Latin America and the Caribbean,2521.499,2661.344,2132.842,1898.268,1933.351,2037.717,1981.317,2068.564,2291.286,2523.608,2761.83,2910.34,3132.52,3470.462,3868.085,4089.429,4350.387,4690.526,4649.513,4106.288,4421.196,4246.136,3710.169,3725.292,4221.895,5067.817,5874.761,6883.763,7918.837,7236.728,8915.215,10241.339,10177.843,10220.42,9996.834,8719.254,8279.918,8871.245,8531.273,8263.267,6805.655,7777.034,8288.912,8700.182,9146.332,9566.813,9989.099
Major advanced economies (G7),11275.329,11549.69,11432.416,12000.847,12568.193,13250.386,15952.805,18237.184,20385.21,21012.478,23035.781,24464.029,26065.186,26388.503,28020.513,30362.605,30121.382,29544.756,29760.475,31188.166,31734.235,31171.002,31949.275,35067.619,38292.443,39733.664,41212.058,44011.509,45864.816,43458.745,44913.925,47515.213,47528.141,47327.901,48230.694,46059.622,47105.655,48514.189,51015.438,51768.286,50280.09,55163.546,59353.273,62087.086,64526.591,66965.062,69396.508
Middle East and Central Asia,2185.05,2227.902,2102.186,2088.863,2068.163,2027.242,2001.242,2328.87,2342.234,2601.417,3150.321,2176.727,1336.668,1400.94,1453.919,1615.102,1799.565,1869.52,1834.381,2017.354,2328.233,2184.103,1763.165,1908.588,2256.042,2701.712,3159.066,3702.519,4429.859,3893.866,4473.721,5378.957,5320.004,5379.637,5368.44,4668.426,4478.47,4517.402,4769.637,4868.694,4667.765,5420.904,5648.807,5832.833,6027.017,6238.202,6468.153
Other advanced economies,6877.848,6920.637,6780.744,6686.9,6937.737,6852.915,8281.336,10092.696,11769.17,12668.275,14431.067,15140.791,15976.055,15604.387,17332.937,18751.097,19794.273,19014.129,17021.704,18103.324,18530.132,17790.341,19229.609,22028.172,25022.736,27432.656,29479.195,33433.409,34964.912,31860.38,36419.445,41271.518,41264.949,42354.494,42812.495,39097.89,39577.043,42272.682,44194.861,43099.806,42493.991,48199.256,50714.514,53292.402,55781.095,58195.466,60670.939
Sub-Saharan Africa,no data,no data,no data,no data,no data,no data,no data,no data,no data,no data,905.431,890.268,854.549,821.818,779.356,934.259,1016.876,1031.733,1008.798,720.382,704.903,655.336,689.341,839.012,1000.734,1146.801,1284.023,1441.954,1598.366,1492.144,1720.838,1897.276,1944.25,1987.831,2021.77,1761.765,1597.486,1666.414,1747.679,1723.276,1589.323,1757.113,1869.084,1985.93,2101.955,2232.328,2393.522
World,2865.992,2878.115,2771.834,2797.84,2848.772,2919.033,3377.208,3822.335,4221.647,4362.945,4764.05,4848.92,4800.394,4853.464,5130.247,5625.286,5693.457,5593.301,5448.196,5565.791,5669.619,5555.411,5652.339,6243.26,6941.608,7427.194,7946.081,8861.531,9594.124,8980.39,9708.667,10676.285,10724.792,10905.853,11059.268,10342.774,10386.65,10898.421,11457.522,11534.665,11107.768,12293.133,13131.439,13789.416,14423.446,15067.805,15723.34
,,,,,,,,,,,,,,,,,,,,,,,,,,,,,,,,,,,,,,,,,,,,,,,
"Â©IMF, 2021",,,,,,,,,,,,,,,,,,,,,,,,,,,,,,,,,,,,,,,,,,,,,,,
