 ,ISO3 Alpha-code,1980,1981,1982,1983,1984,1985,1986,1987,1988,1989,1990,1991,1992,1993,1994,1995,1996,1997,1998,1999,2000,2001,2002,2003,2004,2005,2006,2007,2008,2009,2010,2011,2012,2013,2014,2015,2016,2017,2018,2019,2020,2021,2022
Afghanistan,AFG,0.3,0.3,0.3,0.3,0.3,0.3,0.3,0.3,0.266666667,0.233333333,0.2,0.21,0.22,0.23,0.24,0.25,0.26,0.27,0.28,0.29,0.3,0.4,0.4,0.4,0.4,0.4,0.4,0.4,0.4,0.4,0.4,0.4,0.5,0.5,0.5,0.5,0.5,0.4,0.4,0.4,0.4,0.4,0.4
Albania,ALB,4.3,4.2,4.2,4.1,4.1,4.1,4.1,4,3.9,4.1,4,4,4,3.8,3,3.2,3.1,3,3,3,3.3,3.3,3.1,3.1,3,3.1,3.1,3.1,3.05,3,3,2.9,2.9,2.9,2.9,2.9,2.9,2.9,2.9,2.9,2.9,2.9,2.9
Algeria,DZA,2.5,2.5,2.5,2.5,2.5,2.5,2.5,2.55,2.6,2.6,2.5,2.4,2.3,2.2,2.1,2.1,2.1,2.1,2.1,2.033333333,1.966666667,1.9,1.833333333,1.766666667,1.7,1.718181818,1.736363636,1.754545455,1.772727273,1.790909091,1.809090909,1.827272727,1.845454545,1.863636364,1.881818182,1.9,1.9,1.9,1.9,1.9,1.9,1.9,1.9
American Samoa,ASM,1,1,1,1,1,1,1,1,1,1,1,1,1,1,1,1,1,1,1,1,1,1,1,1,1,1,1,1,1.164285714,1.328571429,1.492857143,1.657142857,1.821428571,1.985714286,2.15,2.314285714,2.478571429,2.642857143,2.807142857,2.971428571,3.135714286,3.3,3.3
Andorra,AND,4.5,4.41875,4.3375,4.25625,4.175,4.09375,4.0125,3.93125,3.85,3.76875,3.6875,3.60625,3.525,3.44375,3.3625,3.28125,3.2,3,3.1,3.2,3.2,2.6,3.1,3.3,3,2.7,2.6,2.6,2.55,2.5,3,2.6,2.9,2.9,2.9,2.9,2.9,2.9,2.9,2.9,2.9,2.9,2.9
Angola,AGO,1.3,1.3,1.3,1.3,1.3,1.3,1.3,1.3,1.3,1.3,1.3,1.266666667,1.233333333,1.2,1.166666667,1.133333333,1.1,1.066666667,1.033333333,1,0.966666667,0.933333333,0.9,0.866666667,0.833333333,0.8,0.8,0.8,0.8,0.8,0.8,0.8,0.8,0.8,0.8,0.8,0.8,0.8,0.8,0.8,0.8,0.8,0.8
Antigua and Barbuda,ATG,6.6,6.6,6.6,6.6,6.6,6.6,6.6,6.6,6.6,6.6,6.6,6.433333333,6.266666667,6.1,5.366666667,4.633333333,3.9,3.64,3.38,3.12,2.86,2.6,2.3,2.5,2.4,2.4,2.4,2,1.7,2.2,2.2,2.1,2.85,3.6,3.6,3.6,3,2.9,2.9,2.9,2.9,2.9,2.9
Argentina,ARG,4.6,4.6,4.6,4.6,4.6,4.6,4.6,4.6,4.6,4.6,4.6,4.6,4.6,4.6,4.166666667,3.733333333,3.3,3.5,3.7,3.9,4.1,4.08,4.06,4.04,4.02,4,4.1,4.2,4.3,4.4,4.5,4.4,4.6,4.8,4.8,5,5,5,5,5,5,5,5
Armenia,ARM,8.4,8.6,8.7,8.5,8.7,8.7,9,9,9.2,9,9.1,8.5,8.4,8.2,7.8,7.6,7.1,6.8,6.7,6.2,6.4,5,4.4,4.4,4.4,4.5,4.4,4.1,3.8,3.7,3.7,3.7,4.1,4.1,4.2,4.2,4.2,4.2,4.2,4.2,4.2,4.2,4.2
Aruba,ABW,4.8,4.8,4.8,4.8,4.8,4.8,4.8,4.8,4.8,4.8,4.8,4.8,4.658888889,4.517777778,4.376666667,4.235555556,4.094444444,3.953333333,3.812222222,3.671111111,3.53,3.492,3.454,3.416,3.378,3.34,3.302,3.264,3.226,3.188,3.15,3.155454545,3.160909091,3.166363636,3.171818182,3.177272727,3.182727273,3.188181818,3.193636364,3.199090909,3.204545455,3.21,3.21
Australia,AUS,12.3,12.2,12.1,11.9,11.7,10.9,10.7,10.5,10.15,9.8,9.5,9.2,8.9,8.9,8.7,8.7,8.5,8.3,8.2,7.9,4,4,3.9,4,4,3.9,3.9,3.85,3.8,3.8,3.8,3.8,3.8,3.7,3.8,3.8,3.8,3.8,3.8,3.8,3.8,3.8,3.8
Austria,AUT,11.2,11.14,11.08,11.02,10.96,10.9,10.8,10.7,10.6,10.4,10.2,9.9,9.7,9.4,9.5,9.4,9.3,9.2,9,8.9,8,7.9,7.8,7.7,7.7,7.7,7.7,7.8,7.7,7.7,7.7,7.7,7.7,7.6,7.6,7.5,7.4,7.4,7.3,7.3,7.3,7.3,7.3
Azerbaijan,AZE,9.7,9.74,9.78,9.82,9.86,9.9,9.8,9.9,10,10.2,10.1,10,10.5,10.5,10.1,10,9.8,9.6,9.1,8.9,8.7,8.5,8.4,8.3,8.2,8.2,7.9,7.9,7.7,7.5,5.1,4.6,4.7,4.7,4.8,4.8,4.8,4.8,4.8,4.8,4.8,4.8,4.8
"Bahamas, The",BHS,4.4,4.36,4.32,4.28,4.24,4.2,4.16,4.12,4.08,4.04,4,3.966666667,3.933333333,3.9,3.75,3.6,3.9,3.8,3.7,3.6,3.5,3.4,3.4,3.4,3.4,3.3,3.2,3.2,3.2,3.2,2.9,2.9,2.9,2.9,2.8,2.8,2.9,3,3,3,3,3,3
Bahrain,BHR,3.3,3.3,3.3,3.3,3.3,3.3,3.3,3.3,3.3,3.3,3.25,3.2,3.15,3.1,3.05,3,2.95,2.9,2.866666667,2.833333333,2.8,2.8,2.9,2.8,2.8,2.8,2.7,2.7,2,1.9,1.8,1.7,2.1,2.1,2,2,1.9,1.7,1.7,1.7,1.7,1.7,1.7
Bangladesh,BGD,0.2,0.2,0.225,0.25,0.275,0.3,0.3,0.3,0.3,0.3,0.3,0.3,0.3,0.3,0.3,0.3,0.3,0.3,0.3,0.3,0.3,0.3,0.3,0.3,0.3,0.3,0.35,0.4,0.45,0.5,0.55,0.6,0.6,0.6,0.6,0.8,0.8,0.8,0.8,0.8,0.8,0.8,0.8
Barbados,BRB,8.5,8.49,8.48,8.47,8.46,8.45,8.44,8.43,8.42,8.41,8.4,6.033333333,3.666666667,1.3,4.35,7.4,7.6,7.557142857,7.514285714,7.471428571,7.428571429,7.385714286,7.342857143,7.3,7.3,6.7,6.6,7.1,7.6,6.8,6.8,6.55,6.3,6.3,5.9,5.9,5.9,6,6,6,6,6,6
Belarus,BLR,12.5,12.62,12.74,12.86,12.98,13.1,13.3,13.5,13.4,13.6,13.2,13.2,12.7,12.5,12.5,12.4,12.3,12.4,12.4,12.6,12.6,12.6,11.9,11.3,10.7,11.1,11.2,11.2,11.1,11.1,11.5,11.3,11.3,11.1,10.8,10.8,10.8,10.8,10.8,10.8,10.8,10.8,10.8
Belgium,BEL,9.4,9.34,9.28,9.22,9.16,9.1,8.88,8.66,8.44,8.22,8,7.9,7.7,7.7,7.6,7.466666667,7.333333333,7.2,7.2,7.1,6.7,6.6,6.5,6.5,6.5,6.4,6.4,6.3,6.3,6.2,6.1,6.1,6,5.9,5.9,5.8,5.8,5.7,5.6,5.6,5.6,5.6,5.6
Belize,BLZ,3.3,3.3,3.3,3.3,3.3,3.3,3.3,3.15,3,2.85,2.7,2.733333333,2.766666667,2.8,2.65,2.5,2.1,2.05,2,1.95,1.9,1.7,1.5,1.3,1.3,1.2,1.3,1.2,1.2,1.1,1.2,1.1,1.1,0.9,1.3,1.25,1.2,1,1,1,1,1,1
Benin,BEN,1.5,1.1,0.925,0.75,0.575,0.4,0.48,0.56,0.64,0.72,0.8,0.5,0.2,0.2,0.2,0.227272727,0.254545455,0.281818182,0.309090909,0.336363636,0.363636364,0.390909091,0.418181818,0.445454545,0.472727273,0.5,0.5,0.5,0.5,0.5,0.5,0.5,0.5,0.5,0.5,0.5,0.5,0.5,0.5,0.5,0.5,0.5,0.5
Bermuda,BMU,6.3,6.3,6.3,6.3,6.3,6.3,6.3,6.3,6.3,6.3,6.3,6.3,6.3,6.3,6.3,6.3,6.3,6.3548,6.4096,6.4644,6.5192,6.574,6.6288,6.6836,6.7384,6.7932,6.848,6.9028,6.9576,7.0124,7.0672,7.122,7.1768,7.2316,7.2864,7.3412,7.396,7.4508,7.5056,7.5604,7.6152,7.67,7.67
Bhutan,BTN,1.7,1.7,1.7,1.7,1.7,1.7,1.7,1.475,1.25,1.025,0.8,1,1.2,1.4,1.6,1.6,1.6,1.6,1.6,1.6,1.6,1.6,1.6,1.625,1.65,1.675,1.7,1.72,1.74,1.76,1.78,1.8,1.7,1.7,1.7,1.7,1.7,1.7,1.7,1.7,1.7,1.7,1.7
Bolivia,BOL,1.3,1.3,1.3,1.3,1.3,1.3,1.3,1.3,1.3,1.3,1.3,1.4,1.4,1.4,1.5,1.6,1.7,1.6,1.5,1.4,1.3,1.2,1.1,1,1,1.05,1.1,1.1,1.1,1.1,1.1,1.1,1.1,1.1,1.2,1.1,1.3,1.3,1.3,1.3,1.3,1.3,1.3
Bosnia and Herzegovina,BIH,4.8,4.9,4.9,4.9,4.8,4.7,4.7,4.6,4.6,4.5,4.5,4.4,4.314285714,4.228571429,4.142857143,4.057142857,3.971428571,3.885714286,3.8,3.8,3.4,3.2,3.2,3.2,3.1,3.1,3.3,3.4,3.4,3.3,3.4,3.5,3.5,3.5,3.5,3.5,3.5,3.5,3.5,3.5,3.5,3.5,3.5
Botswana,BWA,2.4,2.32,2.24,2.16,2.08,2,1.92,1.84,1.76,1.68,1.6,1.646153846,1.692307692,1.738461538,1.784615385,1.830769231,1.876923077,1.923076923,1.969230769,2.015384615,2.061538462,2.107692308,2.153846154,2.2,2.25,2.3,2.35,2.4,1.8,1.8,1.8,1.8,1.8,1.8,1.8,1.8,1.8,1.8,1.8,1.8,1.8,1.8,1.8
Brazil,BRA,3.6,3.6,3.6,3.6,3.6,3.6,3.6,3.6,3.5,3.4,3.3,3.366666667,3.433333333,3.5,3.366666667,3.233333333,3.1,3.025,2.95,2.875,2.8,2.8,2.6,2.4,2.45,2.5,2.5,2.5,2.4,2.4,2.4,2.3,2.3,2.3,2.2,2.2,2.1,2.1,2.1,2.1,2.1,2.1,2.1
British Virgin Islands,VGB,18.68,18.68,18.68,18.68,18.68,18.68,18.68,18.68,18.68,18.68,18.68,18.68,18.68,18.68,18.68,18.68,18.68,18.68,18.68,18.68,18.68,18.68,18.68,18.68,18.68,18.68,18.68,18.68,18.68,18.68,18.68,18.68,18.68,18.68,18.68,18.68,18.68,18.68,18.68,18.68,18.68,18.68,18.68
Brunei Darussalam,BRN,2.9,2.9,3,2.972222222,2.944444444,2.916666667,2.888888889,2.861111111,2.833333333,2.805555556,2.777777778,2.75,2.722222222,2.694444444,2.666666667,2.638888889,2.611111111,2.583333333,2.555555556,2.527777778,2.5,2.6,2.7,2.65,2.6,2.6,2.8,2.75,2.7,2.6,2.5,2.5,2.4,2.4,2.4,2.8,2.8,2.9,2.8875,2.875,2.8625,2.85,2.85
Bulgaria,BGR,8.9,8.9,8.9,8.9,9,9.1,9.5,9.6,9.6,9.7,9.8,9.8,10.2,10.5,10.2,10.4,10.5,10.3,8.4,7.5,7.4,7.2,6.5,6.3,6.1,6.4,6.3,6.5,6.6,6.7,6.6,6.5,6.6,6.8,7.1,7.2,7.3,7.5,7.5,7.5,7.5,7.5,7.5
Burkina Faso,BFA,0.3,0.3,0.3,0.3,0.3,0.3,0.3,0.3,0.3,0.3,0.3,0.5,0.7,0.9,1.1,1.3,1.4,1.35,1.3,1.25,1.2,1.15,1.1,1.05,1,0.95,0.9,0.775,0.65,0.525,0.4,0.4,0.4,0.4,0.4,0.4,0.4,0.4,0.4,0.4,0.4,0.4,0.4
Burundi,BDI,0.7,0.7,0.7,0.7,0.7,0.7,0.7,0.7,0.7,0.7,0.7,0.7,0.7,0.7,0.7,0.7,0.7,0.7,0.7,0.7,0.7,0.7,0.7,0.7,0.7,0.7,0.7,0.7125,0.725,0.7375,0.75,0.7625,0.775,0.7875,0.8,0.8,0.8,0.8,0.8,0.8,0.8,0.8,0.8
Cabo Verde,CPV,2.2,2.125,2.05,1.975,1.9,1.825,1.75,1.675,1.6,1.6,1.6,1.6,1.6,1.638461538,1.676923077,1.715384615,1.753846154,1.792307692,1.830769231,1.869230769,1.907692308,1.946153846,1.984615385,2.023076923,2.061538462,2.1,2.1,2.1,2.1,2.1,2.1,2.1,2.1,2.1,2.1,2.1,2.1,2.1,2.1,2.1,2.1,2.1,2.1
Cambodia,KHM,2.1,2.1,2.1,2.1,2.1,2.1,2.1,2.1,2.1,2.1,2.1,1.963636364,1.827272727,1.690909091,1.554545455,1.418181818,1.281818182,1.145454545,1.009090909,0.872727273,0.736363636,0.6,0.433333333,0.266666667,0.1,0.216666667,0.333333333,0.45,0.566666667,0.683333333,0.8,0.7,0.7,0.7,0.75,0.8,0.9,0.9,0.9,0.9,0.9,0.9,0.9
Cameroon,CMR,2.6,2.6,2.6,2.6,2.6,2.6,2.6,2.6,2.6,2.6,2.6,2.53125,2.4625,2.39375,2.325,2.25625,2.1875,2.11875,2.05,1.98125,1.9125,1.84375,1.775,1.70625,1.6375,1.56875,1.5,1.45,1.4,1.35,1.3,1.3,1.3,1.3,1.3,1.3,1.3,1.3,1.3,1.3,1.3,1.3,1.3
Canada,CAN,6.8,6.9,6.8,6.8,6.8,6.8,6.7,6.6,6.5,6.3,6,5.8,5.5,5.4,5.2,5,4.6,4.4,4.2,3.9,3.8,3.7,3.6,3.5,3.4,3.1,3,3,2.9,2.8,2.8,2.8,2.8,2.7,2.7,2.6,2.6,2.5,2.6,2.5,2.5,2.5,2.5
Cayman Islands,CYM,3,3,3,3,3,3,3,3,3,3,3,3,3,3,3,3,3,3,3,3,3,3,3,3,3,3,3,3,3,3,3,3,3,3,3,3,3,3,3,3,3,3,3
Central African Republic,CAF,1.6,1.53,1.46,1.39,1.32,1.25,1.18,1.11,1.04,0.97,0.9,0.91875,0.9375,0.95625,0.975,0.99375,1.0125,1.03125,1.05,1.06875,1.0875,1.10625,1.125,1.14375,1.1625,1.18125,1.2,1.16,1.12,1.08,1.04,1,1,1,1,1,1,1,1,1,1,1,1
Chad,TCD,0.7,0.7,0.7,0.7,0.7,0.7,0.7,0.7,0.7,0.7,0.7,0.7,0.678571429,0.657142857,0.635714286,0.614285714,0.592857143,0.571428571,0.55,0.528571429,0.507142857,0.485714286,0.464285714,0.442857143,0.421428571,0.4,0.4,0.4,0.4,0.4,0.4,0.4,0.4,0.4,0.4,0.4,0.4,0.4,0.4,0.4,0.4,0.4,0.4
Channel Islands,,10.7,10.6,10.6,10.6,10.6,10.6,10.6,10.6,10.6,10.6,10.6,10.6,10.6,10.6,10.6,10.6,10.6,10.6,10.6,10.6,10.6,10.6,10.6,10.6,10.6,10.6,10.6,10.6,10.6,10.6,10.6,10.6,10.6,10.6,10.6,10.6,10.6,10.6,10.6,10.6,10.6,10.6,10.6
Chile,CHL,3.4,3.377777778,3.355555556,3.333333333,3.311111111,3.288888889,3.266666667,3.244444444,3.222222222,3.2,3.2,3.166666667,3.133333333,3.1,2.966666667,2.833333333,2.7,2.7,2.7,2.7,2.7,2.6,2.5,2.5,2.4,2.3,2.3,2.3,2.3,2.3,2,2.2,2.2,2.2,2.1,2.1,2.1,2.1,2.1,2.1,2.1,2.1,2.1
China,CHN,2.2,2.3,2.3,2.3,2.3,2.4,2.4,2.5,2.5,2.6,2.6,2.6,2.6,2.6,2.6,2.6,2.5,2.5,2.5,2.5,1.7,1.7,1.7,1.7,1.8,1.8,1.9,2,2.1,2.3,2.5,2.7,3,3.3,3.6,3.8,4,4.3,4.3,4.3,4.3,4.3,4.3
Colombia,COL,1.6,1.566666667,1.533333333,1.5,1.466666667,1.433333333,1.4,1.366666667,1.333333333,1.3,1.4,1.366666667,1.333333333,1.3,1.366666667,1.433333333,1.5,1.442857143,1.385714286,1.328571429,1.271428571,1.214285714,1.157142857,1.1,1.2,1.1,1,1,1.166666667,1.333333333,1.5,1.5,1.5,1.5,1.6,1.6,1.7,1.7,1.7,1.7,1.7,1.7,1.7
Comoros,COM,3.1,3.1,3.1,3.1,3.1,3.1,3.1,3.1,3.1,3.1,2.8,2.7625,2.725,2.6875,2.65,2.6125,2.575,2.5375,2.5,2.4625,2.425,2.3875,2.35,2.3125,2.275,2.2375,2.2,2.2,2.2,2.2,2.2,2.2,2.2,2.2,2.2,2.2,2.2,2.2,2.2,2.2,2.2,2.2,2.2
"Congo, Dem. Rep.",COD,1.6,1.6,1.6,1.6,1.6,1.6,1.6,1.6,1.533333333,1.466666667,1.4,1.38,1.36,1.34,1.32,1.3,1.28,1.26,1.24,1.22,1.2,1.18,1.16,1.14,1.12,1.1,0.8,0.8,0.8,0.8,0.8,0.8,0.8,0.8,0.8,0.8,0.8,0.8,0.8,0.8,0.8,0.8,0.8
"Congo, Rep.",COG,3.3,3.3,3.3,3.3,3.3,3.3,3.3,3.3,3.3,3.3,3.3,3.186666667,3.073333333,2.96,2.846666667,2.733333333,2.62,2.506666667,2.393333333,2.28,2.166666667,2.053333333,1.94,1.826666667,1.713333333,1.6,1.6,1.6,1.6,1.6,1.6,1.6,1.6,1.6,1.6,1.6,1.6,1.6,1.6,1.6,1.6,1.6,1.6
Costa Rica,CRI,3.3,3.22,3.14,3.06,2.98,2.9,2.82,2.74,2.66,2.58,2.5,2.325,2.15,1.975,1.8,1.8,1.8,1.7,1.7,1.7,1.7,1.6,1.6,1.5,1.5,1.4,1.3,1.3,1.3,1.2,1.2,1.2,1.2,1.2,1.2,1.2,1.2,1.1,1.1,1.1,1.1,1.1,1.1
Cote d'Ivoire,CIV,0.8,0.8,0.8,0.8,0.8,0.8,0.8,0.8,0.8,0.8,0.8,0.775,0.75,0.725,0.7,0.675,0.65,0.625,0.6,0.575,0.55,0.525,0.5,0.475,0.45,0.425,0.4,0.4,0.4,0.4,0.4,0.4,0.4,0.4,0.4,0.4,0.4,0.4,0.4,0.4,0.4,0.4,0.4
Croatia,HRV,7.2,7.3,7.4,7.5,7.4,7.5,7.4,7.4,7.4,7.4,7.4,6.5,6.2,6.1,5.9,5.8,6.2,6,6.1,5.9,6.2,6,5.7,5.6,5.5,5.5,5.6,5.7,5.6,5.5,5.8,5.8,5.9,5.9,5.9,5.6,5.5,5.5,5.5,5.5,5.5,5.5,5.5
Cuba,CUB,5.4,5.4,5.4,5.4,5.4,5.4,5.4,5.4,5.4,5.4,5.4,5.6,5.8,6,5.7,5.4,5.1,5.071428571,5.042857143,5.014285714,4.985714286,4.957142857,4.928571429,4.9,4.9,4.9,4.9,4.9,6,5.9,5.9,5.1,5,5.1,5.2,5.2,5.3,5.3,5.3,5.3,5.3,5.3,5.3
Curacao,CUW,5.25,5.25,5.25,5.25,5.25,5.25,5.25,5.25,5.25,5.25,5.25,5.25,5.25,5.25,5.25,5.25,5.25,5.25,5.25,5.25,5.25,5.25,5.25,5.25,5.25,5.25,5.25,5.25,5.25,5.25,5.25,5.25,5.25,5.25,5.25,5.25,5.25,5.25,5.25,5.25,5.25,5.25,5.25
Cyprus,CYP,5.7,5.7,5.625,5.55,5.475,5.4,5.325,5.25,5.175,5.1,5.045454545,4.990909091,4.936363636,4.881818182,4.827272727,4.772727273,4.718181818,4.663636364,4.609090909,4.554545455,4.5,4.4,4.4,4.3,4.2,3.8,3.8,3.8,3.8,3.8,3.6,3.5,3.5,3.4,3.4,3.4,3.4,3.4,3.4,3.4,3.4,3.4,3.4
Czechia,CZE,11.3,11.32,11.34,11.36,11.38,11.4,11.38,11.36,11.34,11.32,11.3,11.1,10.7,10.4,10.2,9.8,9.4,9,8.6,8.2,7.8,7.8,7.8,7.7,7.7,7.6,7.5,7.3,7.2,7.1,7.3,7.1,6.9,6.7,6.7,6.7,6.7,6.6,6.6,6.6,6.6,6.6,6.6
Denmark,DNK,8.1,7.8,7.7,7.4,7.1,7,6.9,6.2,6,5.8,5.6,5.4,5.1,5,5,4.9,4.7,4.6,4.5,4.3,4.3,4.2,4.3,4.1,4,3.9,3.8,3.7,3.6,3.5,3.5,3.1,3.1,3.1,2.7,2.5,2.6,2.6,2.4,2.6,2.6,2.6,2.6
Djibouti,DJI,3.6,3.6,3.477777778,3.355555556,3.233333333,3.111111111,2.988888889,2.866666667,2.744444444,2.622222222,2.5,2.43,2.36,2.29,2.22,2.15,2.08,2.01,1.94,1.87,1.8,1.8,1.8,1.6,1.6,1.6,1.6,1.55,1.5,1.45,1.4,1.4,1.4,1.4,1.4,1.4,1.4,1.4,1.4,1.4,1.4,1.4,1.4
Dominica,DMA,3,3,3,3,3,3,3,3,3,3,3,2.866666667,2.733333333,2.6,3.1,3.6,2.7,2.975,3.25,3.525,3.8,3.5,3.9,3.9,3.9,3.9,3.95,4,3.8,3.8,3.8,3.8,3.8,3.8,3.8,3.8,3.8,3.8,3.8,3.8,3.8,3.8,3.8
Dominican Republic,DOM,1.9,1.9,1.9,1.9,1.9,1.9,1.9,1.9,1.9,1.9,1.9,1.933333333,1.966666667,2,1.833333333,1.666666667,1.5,1.585714286,1.671428571,1.757142857,1.842857143,1.928571429,2.014285714,2.1,2.05,2,1.6,1.2,1.6,1.4,1.6,1.7,1.7,1.8,1.8,1.6,1.4,1.6,1.6,1.6,1.6,1.6,1.6
Ecuador,ECU,1.9,1.87,1.84,1.81,1.78,1.75,1.72,1.69,1.66,1.63,1.6,1.6,1.6,1.6,1.566666667,1.533333333,1.5,1.5,1.5,1.5,1.5,1.5,1.5,1.7,1.65,1.6,1.55,1.5,1.5,1.6,1.6,1.6,1.5,1.5,1.6,1.6,1.4,1.4,1.4,1.4,1.4,1.4,1.4
"Egypt, Arab Rep.",EGY,2,2.1,2.1,2.1,2.1,2.1,2.1,2.1,2.1,2,2.1,2,2,1.9,1.966666667,2.033333333,2.1,2.1,2.1,2.1,2.1,2.1,2.1,2.2,2.2,2.2,2.2,2.1,2.1,1.7,1.7,1.675,1.65,1.625,1.6,1.6,1.4,1.4,1.4,1.4,1.4,1.4,1.4
El Salvador,SLV,1.5,1.5,1.5,1.5,1.5,1.5,1.5,1.5,1.5,1.5,1.5,1.5,1.5,1.5,1.533333333,1.566666667,1.6,1.522222222,1.444444444,1.366666667,1.288888889,1.211111111,1.133333333,1.055555556,0.977777778,0.9,0.9,0.7,0.8,1.1,1,1,1.1,1.1,1.4,1,1.1,1.2,1.2,1.2,1.2,1.2,1.2
Equatorial Guinea,GNQ,2.8,2.8,2.8,2.8,2.8,2.8,2.8,2.8,2.8,2.669230769,2.538461538,2.407692308,2.276923077,2.146153846,2.015384615,1.884615385,1.753846154,1.623076923,1.492307692,1.361538462,1.230769231,1.1,1.375,1.65,1.925,2.2,2.125,2.05,1.975,1.9,2.1,2.1,2.1,2.1,2.1,2.1,2.1,2.1,2.1,2.1,2.1,2.1,2.1
Eritrea,ERI,1.2,1.2,1.2,1.2,1.2,1.2,1.2,1.2,1.2,1.2,1.2,1.2,1.2,1.2,1.2,1.2,1.2,1.2,1.2,1.2,1.2,1.2,1.2,1.2,1.2,1.2,1.2,1.1,1,0.9,0.8,0.7,0.7,0.7,0.7,0.7,0.7,0.7,0.7,0.7,0.7,0.7,0.7
Estonia,EST,12.2,12.22,12.24,12.26,12.28,12.3,12.3,12.1,12,11.9,11.6,11.3,9.7,9.6,8.6,8.4,7.9,7.7,7.6,7.5,7,6.6,6,5.7,5.6,5.4,5.6,5.5,5.6,5.4,5.3,5.4,5.5,5,5,5,4.8,4.7,4.6,4.6,4.6,4.6,4.6
Eswatini,SWZ,2.1,2.1,2.1,2.1,2.1,2.1,2.1,2.1,2.1,2.1,2.1,2.1,2.1,2.1,2.1,2.1,2.1,2.1,2.1,2.1,2.1,2.1,2.1,2.1,2.1,2.1,2.1,2.1,2.1,2.1,2.1,2.1,2.1,2.1,2.1,2.1,2.1,2.1,2.1,2.1,2.1,2.1,2.1
Ethiopia,ETH,0.3,0.29,0.28,0.27,0.26,0.25,0.24,0.23,0.22,0.21,0.2,0.2,0.2,0.2,0.2,0.2,0.2,0.2,0.2,0.2,0.2,0.2,0.2,0.2,0.2,0.2,0.2,0.2,0.2,2.233333333,4.266666667,6.3,4.8,3.3,1.8,0.3,0.3,0.3,0.3,0.3,0.3,0.3,0.3
Faroe Islands,FRO,4.1,4.1,4.1,4.1,4.1,4.1,4.1,4.1,4.1,4.1,4.1,4.1,4.1,4.1,4.1,4.1,4.1,4.1,4.1,4.1,4.1,4.1,4.1,4.1,4.1,4.1,4.1,4.1,4.1,4.1,4.1,4.1,4.1,4.1,4.1,4.1,3.825,3.55,3.275,3,3,3,3
Fiji,FJI,2.8,2.7,2.694444444,2.688888889,2.683333333,2.677777778,2.672222222,2.666666667,2.661111111,2.655555556,2.65,2.644444444,2.638888889,2.633333333,2.627777778,2.622222222,2.616666667,2.611111111,2.605555556,2.6,2.5,2.4,2.3,2.2,2.1,2.1,2.1,2.1,2.1,2.1,2.15,2.2,2.2,2.2,1.9,1.9,2,2,2,2,2,2,2
Finland,FIN,15.6,15.28,14.96,14.64,14.32,14,13.7,13.4,13.1,12.8,12.5,11.2,11,10,10,9.3,9.2,7.9,7.8,7.6,7.5,7.5,7.4,7.2,7.1,7.1,7,6.7,6.6,6.3,5.9,5.5,5.3,4.9,4.5,4.4,4,3.3,3.6,3.6,3.6,3.6,3.6
France,FRA,11.1,11.1,11,10.8,10.7,10.5,10.3,10.2,10.1,9.9,9.7,9.6,9.4,9.3,9.1,8.9,8.8,8.6,8.4,8.3,8,7.8,7.7,7.6,7.4,7.2,7.1,7.1,6.9,6.7,6.4,6.4,6.3,6.3,6.2,6.1,6.1,6,5.9,5.9,5.9,5.9,5.9
French Polynesia,PYF,3.1,3.1,3.1,3.1,3.1,3.1,3.1,3.1,3.1,3.1,3.1,3.1,3.1,3.1,3.1,3.1,3.1,3.1,3.1,3.1,3.1,3.1,3.1,3.1,3.1,3.1,3.1,3.1,3.1,3.1,3.1,3.1,3.1,3.1,3.1,3.1,3.1,3.1,3.1,3.1,3.1,3.1,3.1
Gabon,GAB,1.6,1.6,1.6,1.6,1.6,1.6,1.92,2.24,2.56,2.88,3.2,3.125,3.05,2.975,2.9,2.825,2.75,2.675,2.6,2.525,2.45,2.375,2.3,2.225,2.15,2.075,2,1.65,1.3,3.8,6.3,6.3,6.3,6.3,6.3,6.3,6.3,6.3,6.3,6.3,6.3,6.3,6.3
"Gambia, The",GMB,1.7,1.7,1.7,1.7,1.7,1.7,1.48,1.26,1.04,0.82,0.6,0.613333333,0.626666667,0.64,0.653333333,0.666666667,0.68,0.693333333,0.706666667,0.72,0.733333333,0.746666667,0.76,0.773333333,0.786666667,0.8,0.875,0.95,1.025,1.1,1.1,1.1,1.1,1.1,1.1,1.1,1.1,1.1,1.1,1.1,1.1,1.1,1.1
Georgia,GEO,10.2,10.16,10.12,10.08,10.04,10,10,10.1,10,10,9.8,9.8,10,9.4,9.7,7.7,5.7,5.9,5.7,5.7,4.8,4.5,4.2,4.2,4.1,3.9,3.7,3.3,3.2,3.1,3,2.8,2.5,2.6,2.9,2.9,2.9,2.9,2.9,2.9,2.9,2.9,2.9
Germany,DEU,11.5,11.4,11.3,11.2,11.1,11,10.88,10.76,10.64,10.52,10.4,10.1,9.9,9.7,9.7,9.7,9.6,9.4,9.3,9.2,9.1,9,8.9,8.7,8.6,8.5,8.3,8.2,8.2,8.2,8.3,8.4,8.3,8.3,8.2,8.1,8.1,8,8,8,8,8,8
Ghana,GHA,1.6,1.6,1.6,1.6,1.6,1.6,1.58,1.56,1.54,1.52,1.5,1.46,1.42,1.38,1.34,1.3,1.26,1.22,1.18,1.14,1.1,1.06,1.02,0.98,0.94,0.9,0.9,0.9,0.9,0.9,0.9,0.9,0.9,0.9,0.9,0.9,0.9,0.9,0.9,0.9,0.9,0.9,0.9
Gibraltar,GIB,6.42,6.42,6.42,6.42,6.42,6.42,6.42,6.42,6.42,6.42,6.42,6.42,6.42,6.42,6.42,6.42,6.42,6.42,6.42,6.42,6.42,6.42,6.42,6.42,6.42,6.42,6.42,6.42,6.42,6.42,6.42,6.42,6.42,6.42,6.42,6.42,6.42,6.42,6.42,6.42,6.42,6.42,6.42
Greece,GRC,6.2,6.06,5.92,5.78,5.64,5.5,5.3,5.2,5.2,5.1,5.1,5,5,5,4.9,4.9,4.9,4.9,4.8,4.7,4.8,4.8,4.8,4.7,4.7,4.8,4.9,4.9,4.8,4.9,4.5,4.5,4.5,4.2,4.2,4.3,4.2,4.2,4.2,4.2,4.2,4.2,4.2
Greenland,GRL,14.4,14.4,14.4,14.4,14.4,14.4,14.4,14.4,14.4,14.4,14.4,14.4,14.4,14.4,14.4,14.4,14.4,14.4,14.4,14.4,14.4,14.4,14.4,14.4,14.4,14.4,14.4,14.4,14.4,14.4,14.4,14.4,14.4,14.4,14.4,14.4,14.4,14.4,14.4,14.4,14.4,14.4,14.4
Grenada,GRD,5.8,6.02,6.24,6.46,6.68,6.9,7.12,7.34,7.56,7.78,8,8.066666667,8.133333333,8.2,6.85,5.5,5.3,5.525,5.75,5.975,6.2,6.55,6.9,5.7,4.9,4.1,3.35,2.6,2.6,2.4,3,3.6,3.6,3.8,3.8,3.8,3.6,3.6,3.6,3.6,3.6,3.6,3.6
Guam,GUM,3.1,3.1,3.1,3.1,3.1,3.1,3.1,3.1,3.1,3.1,3.1,3.1,3.1,3.1,3.1,3.1,3.1,3.1,3.1,3.1,3.1,3.1,3.1,3.1,3.1,3.1,3.1,3.1,3.1,3.1,3.1,3.1,3.1,3,2.9,2.9,2.8,2.8,2.8,2.8,2.8,2.8,2.8
Guatemala,GTM,1.7,1.7,1.7,1.7,1.7,1.7,1.7,1.433333333,1.166666667,0.9,1.1,1.1,1.1,1.1,1.066666667,1.033333333,1,0.916666667,0.833333333,0.75,0.666666667,0.583333333,0.5,0.566666667,0.633333333,0.7,0.7,0.7,0.6,0.6,0.6,0.7,0.6,0.6,0.6,0.6,0.5,0.4,0.4,0.4,0.4,0.4,0.4
Guinea,GIN,0.6,0.6,0.6,0.6,0.6,0.6,0.6,0.6,0.6,0.6,0.6,0.58,0.56,0.54,0.52,0.5,0.48,0.46,0.44,0.42,0.4,0.38,0.36,0.34,0.32,0.3,0.3,0.3,0.3,0.3,0.3,0.3,0.3,0.3,0.3,0.3,0.3,0.3,0.3,0.3,0.3,0.3,0.3
Guinea-Bissau,GNB,1.9,2,1.944444444,1.888888889,1.833333333,1.777777778,1.722222222,1.666666667,1.611111111,1.555555556,1.5,1.452941176,1.405882353,1.358823529,1.311764706,1.264705882,1.217647059,1.170588235,1.123529412,1.076470588,1.029411765,0.982352941,0.935294118,0.888235294,0.841176471,0.794117647,0.747058824,0.7,0.85,1,1,1,1,1,1,1,1,1,1,1,1,1,1
Guyana,GUY,3.5,3.5,3.5,3.5,3.5,3.5,3.45,3.4,3.35,3.3,3.25,3.2,3.15,3.1,3.1,3.1,3.9,3.7,3.5,3.3,3.1,2.9,2.875,2.85,2.825,2.8,2.5,1.9,1.95,2,1.94,1.88,1.82,1.76,1.7,1.7,1.7,1.7,1.7,1.7,1.7,1.7,1.7
Haiti,HTI,0.7,0.7,0.7,0.7,0.7,0.7,0.72,0.74,0.76,0.78,0.8,0.8,0.8,0.8,0.766666667,0.733333333,0.7,0.7,0.7,0.7,0.7,0.785714286,0.871428571,0.957142857,1.042857143,1.128571429,1.214285714,1.3,1.2,1.1,1,0.9,0.8,0.7,0.7,0.7,0.7,0.7,0.7,0.7,0.7,0.7,0.7
Honduras,HND,1.3,1.3,1.3,1.3,1.3,1.3,1.24,1.18,1.12,1.06,1,0.933333333,0.866666667,0.8,0.9,1,1.1,1.083333333,1.066666667,1.05,1.033333333,1.016666667,1,0.95,0.9,0.85,0.8,0.75,0.7,0.8,0.8,0.6,0.6,0.7,0.6,0.7,0.6,0.6,0.6,0.6,0.6,0.6,0.6
"Hong Kong SAR, China",HKG,4,4.1,4.3,4.5,4.7,4.9,4.918181818,4.936363636,4.954545455,4.972727273,4.990909091,5.009090909,5.027272727,5.045454545,5.063636364,5.081818182,5.1,5.118181818,5.136363636,5.154545455,5.172727273,5.190909091,5.209090909,5.227272727,5.245454545,5.263636364,5.281818182,5.3,5.318181818,5.336363636,5.354545455,5.372727273,5.390909091,5.409090909,5.427272727,5.445454545,5.463636364,5.481818182,5.5,5.5,5.5,5.5,5.5
Hungary,HUN,9.3,9.3,9.3,9.3,9.3,9.3,9.3,9.3,9.3,9.3,9.3,9.3,9.3,9.3,9.3,8.8,8.8,8,8.1,8.1,8.2,7.9,7.9,7.9,7.9,7.9,8,7.2,7.1,7.1,7.2,7.2,7,7,7,7,7,7,7,7,7,7,7
Iceland,ISL,14.8,15,15.2,15.4,15.6,15.8,15.98,16.16,16.34,16.52,16.7,16.3,15.9,14.8,14.7,14.6,13.58571429,12.57142857,11.55714286,10.54285714,9.528571429,8.514285714,7.5,6.95,6.4,5.85,5.3,4.1,3.9,3.7,3.6,3.3,3.3,3.2,3.2,3.1,3.1,3.1,2.9,2.8,2.8,2.8,2.8
India,IND,0.8,0.8,0.8,0.8,0.8,0.8,0.75,0.7,0.725,0.75,0.775,0.8,0.788888889,0.777777778,0.766666667,0.755555556,0.744444444,0.733333333,0.722222222,0.711111111,0.7,0.6,0.6,0.9,0.65,0.4,0.4,0.4,0.4,0.4,0.5,0.6,0.5,0.5,0.5,0.6,0.5,0.5,0.5,0.5,0.5,0.5,0.5
Indonesia,IDN,0.6,0.6,0.6,0.6,0.6,0.6,0.625,0.65,0.675,0.7,0.7,0.7,0.7,0.7,0.7,0.675,0.65,0.625,0.6,0.6,0.6,0.6,0.6,0.6,0.6,0.6,0.6,0.6,0.6,0.6,0.6,0.6,0.8,1,0.9,1,1,1,1,1,1,1,1
"Iran, Islamic Rep.",IRN,1.5,1.5,1.5,1.5,1.5,1.5,1.5,1.5,1.5,1.45,1.4,1.433333333,1.466666667,1.5,1.533333333,1.566666667,1.6,1.6,1.6,1.6,1.6,1.6,1.6,1.6,1.6,1.7,1.7,1.7,1.4,1.4,1.7,1.7,1.5,1.5,1.5,1.5,1.7,1.6,1.6,1.6,1.6,1.6,1.6
Iraq,IRQ,1.9,1.9,1.875,1.85,1.825,1.8,1.775,1.75,1.725,1.7,1.7,1.675,1.65,1.625,1.6,1.575,1.55,1.525,1.5,1.35,1.2,1.3,1.3,1.3,1.3,1.3,1.3,1.3,1.3,1.3,1.3,1.3,1.3,1.3,1.4,1.4,1.3,1.3,1.3,1.3,1.3,1.3,1.3
Ireland,IRL,9,9,8.8,8.6,8.4,8.2,7.9,7.2,6.4,6.2,6.1,6,5.7,5.5,5.3,5.2,5.1,4.9,4.8,4.7,6.1,5.9,5.8,5.7,5.6,5.5,5.3,5.1,4.9,2.8,2.7,2.6,2.5,2.6,2.6,2.9,3,3,3,3,3,3,3
Isle of Man,IMN,1.8,1.8,1.8,1.8,1.8,1.8,1.8,1.8,1.8,1.8,1.8,1.8,1.8,1.8,1.8,1.8,1.8,1.8,1.8,1.8,1.8,1.8,1.8,1.8,1.8,1.8,1.6,1.6,1.6,1.6,1.6,1.6,1.6,1.6,1.6,1.6,1.6,1.6,1.6,1.6,1.6,1.6,1.6
Israel,ISR,6.8,6.7,6.8,6.5,6.5,6.5,6.4,6.3,6.3,6.3,6.2,6,6,6.1,6.1,6,6,6.1,6.1,6.1,3.9,3.9,3.8,3.9,3.8,3.7,3.4,3.4,3.3,3.2,3.2,3.1,3.1,3.1,3.1,3,3,3,3,3,3,3,3
Italy,ITA,9.6,9.4,9.1,8.9,8.5,8.3,8,7.8,7.5,7.1,7.2,6.8,6.9,6.7,6.6,6.3,6.5,5.9,5.5,4.9,4.7,4.6,4.4,4.2,4,4,4,3.9,3.8,3.7,3.6,3.5,3.4,3.3,3.2,3.2,3.2,3.2,3.1,3.1,3.1,3.1,3.1
Jamaica,JAM,3.3,3.3,3.3,3.3,3.3,3.3,3.075,2.85,2.625,2.4,2.2,2.166666667,2.133333333,2.1,2.1,2.1,2.1,1.98,1.86,1.74,1.62,1.5,1.5,1.4,1.8,1.7,2,1.7,1.7,1.7,1.8,1.75,1.7,1.7,1.7,1.7,1.8,1.7,1.7,1.7,1.7,1.7,1.7
Japan,JPN,13.7,13.9,14.1,14.3,14.5,14.7,14.8125,14.925,15.0375,15.15,15.2625,15.375,15.4875,15.6,15.5,15.4,15.2,15.1,15,14.8,14.7,14.6,14.4,14.3,14.2,14.1,14,13.9,13.7,13.6,13.5,13.4,13.4,13.3,13.2,13.2,13.1,13.1,13,13,13,13,13
Jordan,JOR,1.3,1.2,1.2,1.2,1.2,1.2,1.32,1.44,1.56,1.68,1.8,1.75,1.7,1.65,1.6,1.666666667,1.733333333,1.8,1.766666667,1.733333333,1.7,1.7,1.7,1.7,1.7,1.7,1.9,1.9,1.8,1.8,1.8,1.8,1.8,1.8,1.9,1.4,1.4,1.5,1.5,1.5,1.5,1.5,1.5
Kazakhstan,KAZ,13.1,13.2,13.3,13.4,13.5,13.6,13.6,13.6,13.5,13.6,13.7,13.7,13.5,13.2,12.1,11.6,10.3,8.4,8.2,7.3,7.2,7,7,7.7,7.8,7.8,7.8,7.7,7.7,7.6,7.3,7.1,7,6.7,6.1,6.1,6.1,6.1,6.1,6.1,6.1,6.1,6.1
Kenya,KEN,1.7,1.7,1.7,1.7,1.7,1.7,1.625,1.55,1.475,1.4,1.6,1.625,1.65,1.675,1.7,1.725,1.75,1.775,1.8,1.825,1.85,1.875,1.9,1.65,1.4,1.4,1.4,1.4,1.4,1.4,1.4,1.4,1.4,1.4,1.4,1.4,1.4,1.4,1.4,1.4,1.4,1.4,1.4
Kiribati,KIR,5.1,4.8,4.744444444,4.688888889,4.633333333,4.577777778,4.522222222,4.466666667,4.411111111,4.355555556,4.3,3.9875,3.675,3.3625,3.05,2.7375,2.425,2.1125,1.8,1.75,1.7,1.65,1.6,1.55,1.5,1.5,1.5,1.5,1.5,1.5,1.4,1.3,1.45,1.6,1.75,1.9,1.9,1.9,1.9,1.9,1.9,1.9,1.9
"Korea, Dem. People's Rep.",PRK,13.2,13.2,13.2,13.2,13.2,13.2,13.2,13.2,13.2,13.2,13.2,13.2,13.2,13.2,13.2,13.2,13.2,13.2,13.2,13.2,13.2,13.2,13.2,13.3375,13.475,13.6125,13.75,13.8875,14.025,14.1625,14.3,13.75,13.2,13.2,13.2,13.2,13.2,13.2,13.2,13.2,13.2,13.2,13.2
"Korea, Rep.",KOR,1.7,1.84,1.98,2.12,2.26,2.4,2.55,2.7,2.85,3,3.1,3.3,3.5,3.7,4.1,4.4,4.6,4.8,5.1,5.6,4.7,4.5,4.8,5.1,5.4,5.9,6.5,7.2,7.7,8.2,8.7,9.5,10.3,10.9,11.6,11.6,12,12.3,12.4,12.4,12.4,12.4,12.4
Kosovo,XKX,3,3,3,3,3,3,3,3,3,3,3,3,3,3,3,3,3,3,3,3,3,3,3,3,3,3,3,3,3,3,3,3,3,3,3,3,3,3,3,3,3,3,3
Kuwait,KWT,4.1,3.977777778,3.855555556,3.733333333,3.611111111,3.488888889,3.366666667,3.244444444,3.122222222,3,2.975,2.95,2.925,2.9,2.875,2.85,2.825,2.8,2.666666667,2.533333333,2.4,2.3,2.2,2.2,2.1,1.9,1.9,1.9,1.8,1.8,2,1.9,2.2,2.2,2,2,2,2,2,2,2,2,2
Kyrgyz Republic,KGZ,12,12.1,12.1,11.9,12,12,12,12.1,11.9,12,12,12.1,11.9,10.7,9.6,8.6,8.4,8.6,8.3,7.5,7,6.2,5.5,5.3,5.1,5.1,5.1,5.1,5,4.8,4.8,4.7,4.6,4.5,4.4,4.4,4.4,4.4,4.4,4.4,4.4,4.4,4.4
Lao PDR,LAO,2.6,2.6,2.6,2.6,2.6,2.6,2.6,2.6,2.6,2.6,2.6,2.458333333,2.316666667,2.175,2.033333333,1.891666667,1.75,1.608333333,1.466666667,1.325,1.183333333,1.041666667,0.9,1,1.1,1.2,1.1,1,0.9,0.8,0.7,1.1,1.5,1.5,1.5,1.5,1.5,1.5,1.5,1.5,1.5,1.5,1.5
Latvia,LVA,13.9,13.98,14.06,14.14,14.22,14.3,14.2,14.2,14.1,14,14.1,13.6,12.9,12.2,12.1,11.2,10.4,9.8,9.4,9,8.8,8.3,7.9,8,7.9,7.9,7.9,7.8,7.8,6.7,5.7,5.9,5.9,5.8,5.7,5.7,5.7,5.6,5.5,5.5,5.5,5.5,5.5
Lebanon,LBN,1.7,1.7,1.7,1.7,1.7,1.7,1.7,1.7,1.7,1.7,1.7,2.4,3.1,3.02,2.94,2.86,2.78,2.7,2.833333333,2.966666667,3.1,3,3,3,3,3.6,3.6,3.4,3.4,3.5,3.5,3.5,3.5,2.9,2.9,3.4,2.7,2.7,2.7,2.7,2.7,2.7,2.7
Lesotho,LSO,1.3,1.3,1.3,1.3,1.3,1.3,1.3,1.3,1.3,1.3,1.3,1.3,1.3,1.3,1.3,1.3,1.3,1.3,1.3,1.3,1.3,1.3,1.3,1.3,1.3,1.3,1.3,1.207692308,1.115384615,1.023076923,0.930769231,0.838461538,0.746153846,0.653846154,0.561538462,0.469230769,0.376923077,0.284615385,0.192307692,0.1,0.1,0.1,0.1
Liberia,LBR,0.7,0.7,0.7,0.7,0.7,0.7,0.7,0.7,0.7,0.7,0.7,0.7,0.7,0.7,0.7,0.7,0.7,0.7,0.7,0.7,0.7,0.7,0.7,0.7,0.7,0.7,0.7,0.7,0.7,0.7,0.8,0.8,0.8,0.8,0.8,0.8,0.8,0.8,0.8,0.8,0.8,0.8,0.8
Libya,LBY,4.8,4.8,4.733333333,4.666666667,4.6,4.533333333,4.466666667,4.4,4.333333333,4.266666667,4.2,4.214285714,4.228571429,4.242857143,4.257142857,4.271428571,4.285714286,4.3,4.233333333,4.166666667,4.1,3.9,3.9,3.9,3.9,3.4,3.7,3.7,3.7,3.7,3.7,3.7,3.7,3.7,3.7,3.7,3.7,3.2,3.2,3.2,3.2,3.2,3.2
Liechtenstein,LIE,3.7,3.7,3.7,3.7,3.7,3.7,3.7,3.7,3.7,3.7,3.7,3.7,3.7,3.7,3.7,3.7,3.7,3.7,3.7,3.7,3.7,3.7,3.7,3.7,3.7,3.7,3.7,3.7,3.7,3.7,3.7,3.7,3.7,3.7,3.7,3.7,3.7,3.7,3.7,3.7,3.7,3.7,3.7
Lithuania,LTU,12.1,12.24,12.38,12.52,12.66,12.8,12.8,12.8,12.8,12.6,12.5,12.5,12,11.9,11.3,11.1,10.9,10.2,10,9.9,8.8,8.3,8.1,7.9,7.6,7.3,7.2,7.2,7.2,7.2,7.2,7.4,7.5,7.3,7.3,7,6.7,6.6,6.4,6.4,6.4,6.4,6.4
Luxembourg,LUX,8.1,8.1,8.1,8.1,8.1,8.1,8.1,8,7.9,7.8,7.6,7.5,7.3,7.4,7.2,7.1,7,6.9,6.8,6.3,6.2,6.1,6,6,6.4,5.8,5.7,5.7,5.6,5.5,5.4,5.3,5.2,5.2,5.1,4.9,4.8,4.7,4.5,4.3,4.3,4.3,4.3
"Macao SAR, China",MAC,3.3,3.3,3.3,3.3,3.3,3.3,3.3,3.3,3.3,3.3,3.3,3.3,3.3,3.3,3.3,3.3,3.3,3.3,3.3,3.3,3.3,3.3,3.3,3.3,3.3,3.3,3.3,3.3,3.3,3.3,3.3,3.3,3.3,3.3,3.3,3.3,3.3,3.3,3.3,3.3,3.3,3.3,3.3
Madagascar,MDG,0.9,0.9,0.9,0.9,0.9,0.9,0.9,0.9,0.9,0.9,0.9,0.858333333,0.816666667,0.775,0.733333333,0.691666667,0.65,0.608333333,0.566666667,0.525,0.483333333,0.441666667,0.4,0.366666667,0.333333333,0.3,0.28,0.26,0.24,0.22,0.2,0.2,0.2,0.2,0.2,0.2,0.2,0.2,0.2,0.2,0.2,0.2,0.2
Malawi,MWI,0.8,0.8,0.8,0.8,0.8,0.8,0.8,0.8,0.8,0.8,1.6,1.5625,1.525,1.4875,1.45,1.4125,1.375,1.3375,1.3,1.277777778,1.255555556,1.233333333,1.211111111,1.188888889,1.166666667,1.144444444,1.122222222,1.1,1.15,1.2,1.25,1.3,1.3,1.3,1.3,1.3,1.3,1.3,1.3,1.3,1.3,1.3,1.3
Malaysia,MYS,2.3,2.3,2.375,2.45,2.525,2.6,2.55,2.5,2.4,2.3,2.1,2.1,2.1,2,2,2,2,1.96,1.92,1.88,1.84,1.8,1.8,1.8,1.8,1.8,1.9,1.8,1.8,1.8,1.8,1.8,1.9,1.9,1.9,1.9,1.6,1.9,1.9,1.9,1.9,1.9,1.9
Maldives,MDV,0.8,0.8,0.8,0.8,0.8,0.8,0.8,0.8,0.8,0.8,0.8,0.89,0.98,1.07,1.16,1.25,1.34,1.43,1.52,1.61,1.7,2,2.3,2.3,2.45,2.6,3.025,3.45,3.875,4.3,4.3,4.3,4.3,4.3,4.3,4.3,4.3,4.3,4.3,4.3,4.3,4.3,4.3
Mali,MLI,0.2,0.2,0.2,0.2,0.2,0.2,0.2,0.2,0.2,0.2,0.2,0.2,0.2,0.2,0.2,0.2,0.2,0.2,0.2,0.214285714,0.228571429,0.242857143,0.257142857,0.271428571,0.285714286,0.3,0.4,0.5,0.6,0.35,0.1,0.1,0.1,0.1,0.1,0.1,0.1,0.1,0.1,0.1,0.1,0.1,0.1
Malta,MLT,9.5,9.5,9.5,9.5,9.5,9.433333333,9.366666667,9.3,9.3,9.4,8.5,7.6,6.7,5.8,5.6,5.4,5.8,5.6,5.6,5.6,5.5,7.6,7.5,7.4,7.5,7.5,7.6,7.9,7.4,4.8,4.5,4.4,4.7,4.8,4.6,4.6,4.7,4.5,4.5,4.5,4.5,4.5,4.5
Marshall Islands,MHL,2.3,2.3,2.3,2.3,2.3,2.3,2.3,2.3,2.3,2.3,2.3,2.277777778,2.255555556,2.233333333,2.211111111,2.188888889,2.166666667,2.144444444,2.122222222,2.1,2.16,2.22,2.28,2.34,2.4,2.46,2.52,2.58,2.64,2.7,2.7,2.7,2.7,2.7,2.7,2.7,2.7,2.7,2.7,2.7,2.7,2.7,2.7
Mauritania,MRT,0.8,0.8,0.8,0.8,0.8,0.783333333,0.766666667,0.75,0.733333333,0.716666667,0.7,0.68125,0.6625,0.64375,0.625,0.60625,0.5875,0.56875,0.55,0.53125,0.5125,0.49375,0.475,0.45625,0.4375,0.41875,0.4,0.4,0.4,0.4,0.4,0.4,0.4,0.4,0.4,0.4,0.4,0.4,0.4,0.4,0.4,0.4,0.4
Mauritius,MUS,3.1,3.14,3.18,3.22,3.26,3.3,3.233333333,3.166666667,3.1,3.033333333,2.966666667,2.9,3.1,3.1,3.1,3.090909091,3.081818182,3.072727273,3.063636364,3.054545455,3.045454545,3.036363636,3.027272727,3.018181818,3.009090909,3,3.1,3.2,3.3,3.333333333,3.366666667,3.4,3.4,3.4,3.4,3.4,3.4,3.4,3.4,3.4,3.4,3.4,3.4
Mexico,MEX,0.7,0.73,0.76,0.79,0.82,0.85,0.88,0.91,0.94,0.97,1,1.1,1.2,1.2,1.2,1.2,1.2,1.1,1.1,1.1,1.1,1.1,1.1,1.1,1.1,1.1,1,1.1,1,1,1.1,1,1,1,1,1,1,1,1,1,1,1,1
"Micronesia, Fed. Sts.",FSM,3.5,3.5,3.5,3.5,3.5,3.5,3.5,3.5,3.5,3.5,3.436363636,3.372727273,3.309090909,3.245454545,3.181818182,3.118181818,3.054545455,2.990909091,2.927272727,2.863636364,2.8,2.9,3,3.1,3.2,3.3,3.3,3.266666667,3.233333333,3.2,3.2,3.2,3.2,3.2,3.2,3.2,3.2,3.2,3.2,3.2,3.2,3.2,3.2
Moldova,MDA,12.1,12.1,12.1,12.1,12.1,12.2,12.4,12.7,12.8,12.7,13.1,13.1,12.8,12.5,12.2,12.2,12.1,11.6,11.2,8.2,7.1,6.9,6.8,6.7,6.4,6.4,6.3,6.1,6.1,6.2,6.2,6.2,6.2,5.8,5.7,5.7,5.7,5.7,5.7,5.7,5.7,5.7,5.7
Monaco,MCO,18.1,18.1,18.1,18.1,18.1,18.1,18.1,18.1,18.1,18.1,19.3,20.5,21.7,21,20.3,19.6,19.40625,19.2125,19.01875,18.825,18.63125,18.4375,18.24375,18.05,17.85625,17.6625,17.46875,17.275,17.08125,16.8875,16.69375,16.5,13.8,13.8,13.8,13.8,13.8,13.8,13.8,13.8,13.8,13.8,13.8
Mongolia,MNG,11.2,11,11.05,11.1,11.15,11.2,11.25,11.3,11.35,11.4,11.45,11.5,11.13636364,10.77272727,10.40909091,10.04545455,9.681818182,9.318181818,8.954545455,8.590909091,8.227272727,7.863636364,7.5,6.75,6,6.2,6.4,6.1,6,5.9,6,6.8,7,7,7,7,7,8,8,8,8,8,8
Montenegro,MNE,4.2,4.2,4.2,4.2,4.2,4.2,4.2,4.2,4.2,4.2,4.2,4.2,4.2,4.2,4.2,4.2,4.2,4.2,4.2,4.2,4.2,4.3,4.2,4.2,4.2,4.2,4.2,4.1,3.9,3.9,4,4,4,3.9,3.9,3.9,3.9,3.9,3.9,3.9,3.9,3.9,3.9
Morocco,MAR,1.2,1.2,1.225,1.25,1.275,1.3,1.3,1.3,1.3,1.3,1.3,1.25,1.2,1.15,1.1,1.066666667,1.033333333,1,1.033333333,1.066666667,1.1,0.9,1.1,0.8,0.9,0.9,0.9,0.9,1.1,1.1,1.1,0.9,0.9,0.9,1.1,1.1,1.1,1,1,1,1,1,1
Mozambique,MOZ,1.1,1.08,1.06,1.04,1.02,1,0.98,0.96,0.94,0.92,0.9,0.89375,0.8875,0.88125,0.875,0.86875,0.8625,0.85625,0.85,0.84375,0.8375,0.83125,0.825,0.81875,0.8125,0.80625,0.8,0.8,0.775,0.75,0.725,0.7,0.7,0.7,0.7,0.7,0.7,0.7,0.7,0.7,0.7,0.7,0.7
Myanmar,MMR,0.9,0.9,0.866666667,0.833333333,0.8,0.766666667,0.733333333,0.7,0.666666667,0.633333333,0.6,0.61,0.62,0.63,0.64,0.65,0.66,0.67,0.68,0.69,0.7,0.65,0.6,0.6,0.6,0.6,0.6,0.65,0.7,0.75,0.8,0.85,0.9,0.925,0.95,0.975,1,1,1,1,1,1,1
Namibia,NAM,3.3,3.3,3.3,3.3,3.3,3.3,3.3,3.3,3.3,3.3,3.3,3.3,3.3,3.3,3.3,3.3,3.3,3.3,3.3,3.3,3.3,3.3,3.3,3.3,3.3,3.3,3.3,3.1,2.9,2.7,2.7,2.7,2.7,2.7,2.7,2.7,2.7,2.7,2.7,2.7,2.7,2.7,2.7
Nauru,NRU,3.5,3.5,3.5,3.5,3.5,3.5,3.5,3.5,3.5,3.5,3.5,3.5,3.5,3.5,3.5,3.5,3.5,3.5,3.5,3.5,3.5,3.5,3.5,3.5,3.5,3.5,3.5,3.5,4,4.5,5,5,5,5,5,5,5,5,5,5,5,5,5
Nepal,NPL,0.2,0.2,0.2,0.2,0.2,0.2,0.2,0.2,0.2,0.2,0.2,0.2,0.2,0.2,0.2,0.2,0.2,0.2,0.2,0.2,0.2,0.2,0.2,1.4,2.6,3.8,5,4.216666667,3.433333333,2.65,1.866666667,1.083333333,0.3,0.3,0.3,0.3,0.3,0.3,0.3,0.3,0.3,0.3,0.3
Netherlands,NLD,5.8,5.8,5.8,5.8,5.8,5.8,5.8,5.8,5.8,5.8,5.8,5.7,5.7,5.6,5.4,5.3,5.2,5.2,5.1,5,4.9,4.8,4.7,4.6,4.6,4.5,4.3,4.3,4.3,4.2,4.1,3.8,3.8,3.6,3.55,3.5,3.4,3.3,3.2,3.2,3.2,3.2,3.2
New Caledonia,NCL,2.5,2.5,2.5,2.5,2.5,2.5,2.5,2.5,2.5,2.5,2.5,2.5,2.5,2.5,2.5,2.5,2.5,2.5,2.5,2.5,2.5,2.5,2.5,2.5,2.5,2.5,2.5,2.5,2.5,2.5,2.5,2.5,2.5,2.5,2.5,2.5,2.5,2.5,2.5,2.5,2.5,2.5,2.5
New Zealand,NZL,10.2,10.06,9.92,9.78,9.64,9.5,9.3,9.1,8.9,8.7,8.5,7.4,7.1,6.5,6.7,6.2,6.1,6.1,6.2,6.2,6.2,6.2,6.2,5.657142857,5.114285714,4.571428571,4.028571429,3.485714286,2.942857143,2.4,2.8,2.8,2.8,2.8,2.8,2.7,2.7,2.7,2.6,2.6,2.6,2.6,2.6
Nicaragua,NIC,2.4,2.4,2.4,2.4,2.4,2.4,2.25,2.1,1.95,1.8,1.8,1.8,1.8,1.8,1.7,1.6,1.5,1.414285714,1.328571429,1.242857143,1.157142857,1.071428571,0.985714286,0.9,0.9,0.9,1,0.9,0.9,0.85,0.8,1.1,1,1,0.9,0.9,0.9,0.9,0.9,0.9,0.9,0.9,0.9
Niger,NER,0.5,0.5,0.5,0.5,0.5,0.5,0.5,0.5,0.457142857,0.414285714,0.371428571,0.328571429,0.285714286,0.242857143,0.2,0.1,0.1,0.2,0.1,0.128571429,0.157142857,0.185714286,0.214285714,0.242857143,0.271428571,0.3,0.32,0.34,0.36,0.38,0.4,0.38,0.36,0.34,0.32,0.3,0.35,0.4,0.4,0.4,0.4,0.4,0.4
Nigeria,NGA,0.9,1.5875,2.275,2.9625,3.65,4.3375,5.025,5.7125,6.4,4.05,1.7,1.65,1.6,1.55,1.5,1.45,1.4,1.35,1.3,1.25,1.2,1.025,0.85,0.675,0.5,0.5,0.5,0.5,0.5,0.5,0.5,0.5,0.5,0.5,0.5,0.5,0.5,0.5,0.5,0.5,0.5,0.5,0.5
North Macedonia,MKD,5.2,5.2,5.4,5.3,5.4,5.5,5.5,5.4,5.5,5.5,5.9,5.8,5.7,5.6,5.6,5.4,5.2,5.2,5.2,5.1,5.1,4.9,4.8,4.8,4.8,4.7,4.6,4.6,4.6,4.5,4.6,4.5,4.4,4.5,4.4,4.4,4.4,4.3,4.3,4.3,4.3,4.3,4.3
Northern Mariana Islands,MNP,1.49,1.49,1.49,1.49,1.49,1.49,1.49,1.49,1.49,1.49,1.49,1.49,1.49,1.49,1.49,1.49,1.49,1.49,1.49,1.49,1.49,1.49,1.49,1.49,1.49,1.49,1.49,1.49,1.49,1.49,1.49,1.49,1.49,1.49,1.49,1.49,1.49,1.49,1.49,1.49,1.49,1.49,1.49
Norway,NOR,5.9,5.9,5.9,5.9,5.9,5.9,5.9,5.7,5.3,4.8,4.6,4.4,4.3,4.2,4.1,4,4,4,4,3.9,3.8,3.8,5,5,5.3,5.2,5,4.9,4.6,4.5,4.3,4.2,4,3.9,3.8,3.8,3.7,3.6,3.5,3.5,3.5,3.5,3.5
Oman,OMN,1.6,1.6,1.7125,1.825,1.9375,2.05,2.1625,2.275,2.3875,2.5,2.1,2.1125,2.125,2.1375,2.15,2.1625,2.175,2.1875,2.2,2.2,2.2,2.1,2,2,2.2,2.1,2.1,2,2,1.9,1.8,1.8,1.7,1.7,1.6,1.6,1.5,1.5,1.5,1.5,1.5,1.5,1.5
Pakistan,PAK,0.6,0.6,0.6,0.6,0.6,0.6,0.6,0.6,0.6,0.6,0.6,0.7,0.6,0.7,0.7,0.7,0.7,0.7,0.7,0.7,0.7,0.7,0.7,0.7,0.7,0.7,0.85,1,0.6,0.6,0.6,0.6,0.6,0.6,0.6,0.6,0.6,0.6,0.6,0.6,0.6,0.6,0.6
Palau,PLW,4.4,4.4,4.4,4.4,4.4,4.4,4.4,4.4,4.4,4.4,4.4,4.4,4.4,4.4,4.4,4.4,4.4,4.4,4.4,4.5875,4.775,4.9625,5.15,5.3375,5.525,5.7125,5.9,5,4.95,4.9,4.8,4.8,4.8,4.8,4.8,4.8,4.8,4.8,4.8,4.8,4.8,4.8,4.8
Panama,PAN,3.4,3.4,3.4,3.4,3.4,3.4,3.22,3.04,2.86,2.68,2.5,2.566666667,2.633333333,2.7,2.533333333,2.366666667,2.2,2.25,2.3,2.35,2.4,2.45,2.5,2.45,2.4,2.2,2.3,2.3,2.3,2.3,2.3,2.3,2.3,2.3,2.2,2.3,2.3,2.3,2.3,2.3,2.3,2.3,2.3
Papua New Guinea,PNG,5.5,5.375,5.25,5.125,5,4.7,4.35,4,3.65,3.3,4,3.882758621,3.765517241,3.648275862,3.531034483,3.413793103,3.296551724,3.179310345,3.062068966,2.944827586,2.827586207,2.710344828,2.593103448,2.475862069,2.35862069,2.24137931,2.124137931,2.006896552,1.889655172,1.772413793,1.655172414,1.537931034,1.420689655,1.303448276,1.186206897,1.068965517,0.951724138,0.834482759,0.717241379,0.6,0.6,0.6,0.6
Paraguay,PRY,1.3,1.3,1.3,1.3,1.3,1.3,1.3,1.3,1.3,1.3,0.9,1.033333333,1.166666667,1.3,0.6,0.95,1.3,1.283333333,1.266666667,1.25,1.233333333,1.216666667,1.2,1.2,1.2,1.2,1.3,1.3,1.3,1.3,1.3,1.4,1.2,1,0.8,0.8,0.8,0.8,0.8,0.8,0.8,0.8,0.8
Peru,PER,1.7,1.7,1.7,1.7,1.7,1.7,1.64,1.58,1.52,1.46,1.4,1.45,1.5,1.3,1.4,1.45,1.5,1.485714286,1.471428571,1.457142857,1.442857143,1.428571429,1.414285714,1.4,0.9,1,1.1,1.2,1.5,1.6,1.5,1.5,1.5,1.5,1.6,1.6,1.6,1.6,1.6,1.6,1.6,1.6,1.6
Philippines,PHL,1.7,1.7,1.7,1.7,1.7,1.8,1.7,1.625,1.55,1.475,1.4,1.3,1.4,1.1,1.0875,1.075,1.0625,1.05,1.0375,1.025,1.0125,1,0.5,0.65,0.8,0.95,1.1,1.1,1,1.1,1.1,1.1,1.1,1,1,1,1,1,1,1,1,1,1
Poland,POL,5.6,5.62,5.64,5.66,5.68,5.7,5.7,5.7,5.7,5.7,5.7,5.7,5.6,5.6,5.6,5.5,5.5,5.4,5.3,5.1,4.9,5.25,5.6,6.7,6.7,6.5,6.5,6.4,6.6,6.7,6.6,6.6,6.6,6.6,6.6,6.6,6.6,6.6,6.5,6.5,6.5,6.5,6.5
Portugal,PRT,4,4,4,4,4,4,4,4,4,4.1,4.1,4.1,4,3.9,3.9,3.9,4,3.9,3.9,3.8,3.7,3.7,3.6,3.6,3.6,3.6,3.5,3.4,3.4,3.4,3.4,3.4,3.4,3.4,3.3,3.4,3.4,3.4,3.5,3.5,3.5,3.5,3.5
Puerto Rico,PRI,3.3,3.3,3.3,3.3,3.3,3.3,3.3,3.3,3.3,3.3,3.3,3.3,3.3,3.3,3.3,3.3,3.3,3.3,3.3,3.3,3.3,3.3,3.3,3.3,3.3,3.3,3.3,3.3,3.3,3.3,3.3,3.3,3.3,3.3,3.3,3.3,3.3,3.3,3.3,3.3,3.3,3.3,3.3
Qatar,QAT,2.9,2.9,2.825,2.75,2.675,2.6,2.525,2.45,2.375,2.3,2.2125,2.125,2.0375,1.95,1.8625,1.775,1.6875,1.6,1.866666667,2.133333333,2.4,2.4,2.4,2.4,2.4,2.4,2.5,2.5,2.5,1.4,1.2,1.2,1.2,1.4,1.2,1.2,1.2,1.3,1.3,1.3,1.3,1.3,1.3
Romania,ROU,8.8,8.8,8.8,8.85,8.9,8.9,8.9,9,8.9,8.9,8.9,8.9,7.9,7.9,7.7,7.6,7.6,7.4,7.3,7.3,7.7,7.7,7.7,6.8,6.7,6.8,6.7,6.5,6.6,6.6,6.3,6.3,6.6,6.7,6.7,6.8,6.8,6.9,6.9,6.9,6.9,6.9,6.9
Russian Federation,RUS,13,13,13,13,13,13,13,13.1,13.2,13.2,13.1,12.7,12.2,12.2,12,11.9,11.6,11.3,11.1,10.9,11.4,11.3,11.2,11,11.1,11,10.9,10.7,9.9,9.7,9.4,9.4,9.3,9.1,8.8,8.4,8.2,8.1,7.1,7.1,7.1,7.1,7.1
Rwanda,RWA,1.5,1.5,1.425,1.35,1.275,1.2,1.125,1.05,0.975,0.9,1.7,1.7,1.7,1.7,1.7,1.7,1.7,1.7,1.7,1.7,1.7,1.7,1.7,1.7,1.7,1.65,1.6,1.6,1.6,1.6,1.6,1.6,1.6,1.6,1.6,1.6,1.6,1.6,1.6,1.6,1.6,1.6,1.6
Samoa,WSM,4.5,4.4,4.342105263,4.284210526,4.226315789,4.168421053,4.110526316,4.052631579,3.994736842,3.936842105,3.878947368,3.821052632,3.763157895,3.705263158,3.647368421,3.589473684,3.531578947,3.473684211,3.415789474,3.357894737,3.3,2.4,1.5,2,1.5,1,1,1,1,1,1,1,1,1,1,1,1,1,1,1,1,1,1
San Marino,SMR,6.7,6.725,6.75,6.775,6.8,6.8,6.7,6.7,7.7,7.4,7.2,7.042857143,6.885714286,6.728571429,6.571428571,6.414285714,6.257142857,6.1,5.942857143,5.785714286,5.628571429,5.471428571,5.314285714,5.157142857,5,4.842857143,4.685714286,4.528571429,4.371428571,4.214285714,4.057142857,3.9,3.8,3.8,3.8,3.8,3.8,3.8,3.8,3.8,3.8,3.8,3.8
Sao Tome and Principe,STP,4.7,4.7,4.7,4.7,4.7,4.7,4.7,4.7,4.7,4.7,4.7,4.7,4.575,4.45,4.325,4.2,4.075,3.95,3.825,3.7,3.575,3.45,3.325,3.2,3.2,3.2,3.2,3.14,3.08,3.02,2.96,2.9,2.9,2.9,2.9,2.9,2.9,2.9,2.9,2.9,2.9,2.9,2.9
Saudi Arabia,SAU,1.5,1.5,1.611111111,1.722222222,1.833333333,1.944444444,2.055555556,2.166666667,2.277777778,2.388888889,2.5,2.471428571,2.442857143,2.414285714,2.385714286,2.357142857,2.328571429,2.3,2.3,2.3,2.3,2.25,2.2,2.2,2.2,2.3,2.3,2.2,2.2,2.2,2.2,2.1,2.1,2.2,2.7,2.2,2.2,2.2,2.2,2.2,2.2,2.2,2.2
Senegal,SEN,0.5,0.5,0.5,0.5,0.5,0.5,0.5,0.5,0.5,0.5,0.7,0.575,0.45,0.325,0.2,0.3,0.4,0.4,0.4,0.366666667,0.333333333,0.3,0.266666667,0.233333333,0.2,0.166666667,0.133333333,0.1,0.3,0.3,0.3,0.3,0.3,0.3,0.3,0.3,0.3,0.3,0.3,0.3,0.3,0.3,0.3
Serbia,SRB,5.9,5.9,5.9,5.9,5.9,5.9,5.9,5.9,5.9,5.9,5.9,5.9,5.9,5.9,5.9,5.9,5.9,5.9,5.9,5.9,5.9,5.9,5.9,5.9,5.9,5.9,5.5,5.4,5.3,5.4,5.4,5.4,5.4,5.5,5.5,5.6,5.6,5.6,5.6,5.6,5.6,5.6,5.6
Seychelles,SYC,4.8,4.8,4.8,4.8,4.8,4.8,5.175,5.55,5.925,6.3,6.264705882,6.229411765,6.194117647,6.158823529,6.123529412,6.088235294,6.052941176,6.017647059,5.982352941,5.947058824,5.911764706,5.876470588,5.841176471,5.805882353,5.770588235,5.735294118,5.7,5.1,4.5,3.9,3.75,3.6,3.6,3.6,3.6,3.6,3.6,3.6,3.6,3.6,3.6,3.6,3.6
Sierra Leone,SLE,1.2,1.169230769,1.138461538,1.107692308,1.076923077,1.046153846,1.015384615,0.984615385,0.953846154,0.923076923,0.892307692,0.861538462,0.830769231,0.8,0.769230769,0.738461538,0.707692308,0.676923077,0.646153846,0.615384615,0.584615385,0.553846154,0.523076923,0.492307692,0.461538462,0.430769231,0.4,0.384615385,0.369230769,0.353846154,0.338461538,0.323076923,0.307692308,0.292307692,0.276923077,0.261538462,0.246153846,0.230769231,0.215384615,0.2,0.2,0.2,0.2
Singapore,SGP,4,3.9,3.866666667,3.833333333,3.8,3.766666667,3.733333333,3.7,3.666666667,3.633333333,3.6,3.5,3.5,3.6,3.6,3.5,3.4,3.3,3.2,3.1,3,2.9,2.85,2.8,3,3.2,3.2,3.2,3.1,2.733333333,2.366666667,2,2.1,2.2,2.2,2.4,2.5,2.5,2.5,2.5,2.5,2.5,2.5
Sint Maarten (Dutch part),SXM,2.2,2.2,2.2,2.2,2.2,2.2,2.2,2.2,2.2,2.2,2.2,2.2,2.2,2.2,2.2,2.2,2.2,2.2,2.2,2.2,2.2,2.2,2.2,2.2,2.2,2.2,2.2,2.2,2.2,2.2,2.2,2.2,2.2,2.2,2.2,2.2,2.2,2.2,2.2,2.2,2.2,2.2,2.2
Slovak Republic,SVK,9,9,9,9,9,9,8.9,9,8.8,8.8,7.4,7.6,7.6,7.9,7.1,7.7,8.3,8.1,8,8,7.9,7.7,7.6,7.3,6.9,6.8,6.7,6.8,6.6,6.5,6.5,6.1,5.9,5.8,5.8,5.8,5.8,5.8,5.7,5.7,5.7,5.7,5.7
Slovenia,SVN,7,6.85,6.7,6.6,6.5,6.3,6.3,6.2,6.1,6.1,6,6,5.9,5.8,5.8,5.8,5.7,5.7,5.6,5.6,5.4,5.2,5.1,5,4.8,4.8,4.8,4.7,4.7,4.6,4.6,4.6,4.5,4.6,4.5,4.5,4.5,4.5,4.4,4.4,4.4,4.4,4.4
Solomon Islands,SLB,5.7,5.7,5.155555556,4.611111111,4.066666667,3.522222222,2.977777778,2.433333333,1.888888889,1.344444444,0.8,1.75,2.7,2.654545455,2.609090909,2.563636364,2.518181818,2.472727273,2.427272727,2.381818182,2.336363636,2.290909091,2.245454545,2.2,1.8,1.4,1.45,1.5,1.55,1.6,1.65,1.7,1.4,1.4,1.4,1.4,1.4,1.4,1.4,1.4,1.4,1.4,1.4
Somalia,SOM,0.9,0.9,0.9,0.9,0.9,0.9,0.9,0.9,0.9,0.85,0.8,0.742857143,0.685714286,0.628571429,0.571428571,0.514285714,0.457142857,0.4,0.4,0.4,0.4,0.4,0.4,0.4,0.4,0.455555556,0.511111111,0.566666667,0.622222222,0.677777778,0.733333333,0.788888889,0.844444444,0.9,0.9,0.9,0.9,0.9,0.9,0.9,0.9,0.9,0.9
South Africa,ZAF,3.1,3.1,3.1,3.1,3.1,3.1,3.1,3.1,3.1,3.1,3.1,3.1,3.1,3.1,3.1,3.1,3.1,3.1,3.1,3.1,3.1,3.1,3.1,3,2.9,2.8,2.6,2.4,2.4,2.35,2.3,2.3,2.3,2.3,2.3,2.3,2.3,2.3,2.3,2.3,2.3,2.3,2.3
South Sudan,SSD,0.6,0.6,0.6,0.6,0.6,0.6,0.6,0.6,0.6,0.6,0.6,0.6,0.6,0.6,0.6,0.6,0.6,0.6,0.6,0.6,0.6,0.6,0.6,0.6,0.6,0.6,0.6,0.6,0.6,0.6,0.6,0.6,0.6,0.6,0.6,0.6,0.6,0.6,0.6,0.6,0.6,0.6,0.6
Spain,ESP,5.4,5.4,5.4,5.2,5,4.9,4.8,4.8,4.7,4.7,4.6,4.6,4.5,4.4,4.4,4.3,4.3,4.2,4.2,4.1,3.7,3.6,3.5,3.4,3.4,3.3,3.3,3.3,3.2,3.2,3.1,3.1,3,3,3,3,3,3,3,3,3,3,3
Sri Lanka,LKA,2.9,2.9,2.8375,2.775,2.7125,2.65,2.5875,2.525,2.4625,2.4,2.7,2.644444444,2.588888889,2.533333333,2.477777778,2.422222222,2.366666667,2.311111111,2.255555556,2.2,2.9,3,3.1,3.1,3.1,3.166666667,3.233333333,3.3,3.366666667,3.433333333,3.5,3.55,3.6,3.72,3.84,3.96,4.08,4.2,4.2,4.2,4.2,4.2,4.2
St. Kitts and Nevis,KNA,8.5,8.57,8.64,8.71,8.78,8.85,8.92,8.99,9.06,9.13,9.2,8.64,8.08,7.52,6.96,6.4,6.4,5.98,5.56,5.14,4.72,4.3,5.5,5.5,6,5.7,5.633333333,5.566666667,5.5,6,4.8,4.8,2.3,2.3,2.3,2.3,2.3,2.3,2.3,2.3,2.3,2.3,2.3
St. Lucia,LCA,4,4,4,4,4,4,4,4,4,4,4,4.133333333,4.266666667,4.4,3.85,3.3,3.4,3.125,2.85,2.575,2.3,2.75,3.2,2.9,2.95,3,2.9,2.8,2.15,1.5,1.5,1.5,1.35,1.2,1.3,1.4,1.35,1.3,1.3,1.3,1.3,1.3,1.3
St. Martin (French part),MAF,2.2,2.2,2.2,2.2,2.2,2.2,2.2,2.2,2.2,2.2,2.2,2.2,2.2,2.2,2.2,2.2,2.2,2.2,2.2,2.2,2.2,2.2,2.2,2.2,2.2,2.2,2.2,2.2,2.2,2.2,2.2,2.2,2.2,2.2,2.2,2.2,2.2,2.2,2.2,2.2,2.2,2.2,2.2
St. Vincent and the Grenadines,VCT,4.7,4.7,4.7,4.7,4.7,4.7,4.7,4.7,4.7,4.7,4.7,4.8,4.9,5,3.966666667,2.933333333,1.9,2.46,3.02,3.58,4.14,4.7,4.5,4.5,4.5,4.5,3.75,3,2.866666667,2.733333333,2.6,2.5,2.4,2.4,2.4,2.4,2.4,2.4,2.4,2.4,2.4,2.4,2.4
Sudan,SDN,0.9,0.9,0.922222222,0.944444444,0.966666667,0.988888889,1.011111111,1.033333333,1.055555556,1.077777778,1.1,1.07,1.04,1.01,0.98,0.95,0.92,0.89,0.86,0.83,0.8,0.7,0.7,0.7,0.7,0.7,0.7,0.7,0.7,0.7,0.7,0.8,0.8,0.8,0.75,0.7,0.7,0.7,0.7,0.7,0.7,0.7,0.7
Suriname,SUR,8.9,8.58,8.26,7.94,7.62,7.3,6.98,6.66,6.34,6.02,5.7,5.18,4.66,4.14,3.62,3.1,3.7,3.75,3.8,3.85,3.9,3.6,3.433333333,3.266666667,3.1,3.2,3.3,3.1,2.85,2.6,3.1,3.1,3.1,3.1,3.1,3.1,3.05,3,3,3,3,3,3
Sweden,SWE,15.1,15,14.9,14.8,14.7,14.6,14.16,13.72,13.28,12.84,12.4,11.9,7.6,7,6.5,4.9,4.4,5.2,3.8,3.7,3.6,3.3,3.1,3.1,3,2.9,2.9,2.9,2.8,2.8,2.7,2.7,2.7,2.6,2.5,2.4,2.3,2.2,2.1,2.1,2.1,2.1,2.1
Switzerland,CHE,19.9,19.9,19.9,19.9,19.9,19.9,19.9,19.9,19.9,19.9,19.9,19.9,18.38888889,16.87777778,15.36666667,13.85555556,12.34444444,10.83333333,9.322222222,7.811111111,6.3,6,6,5.8,5.7,5.5,5.4,5.4,5.2,5.1,5.2,5.1,5,4.9,4.7,4.7,4.7,4.7,4.6,4.6,4.6,4.6,4.6
Syrian Arab Republic,SYR,1.1,1.1,1.1,1.1,1.1,1.1,1.1,1.1,1.1,1.1,1.1,1.166666667,1.233333333,1.3,1.366666667,1.433333333,1.5,1.5,1.5,1.4,1.4,1.4,1.4,1.5,1.5,1.3,1.5,1.5,1.5,1.5,1.5,1.6,1.5,1.5,1.5,1.5,1.5,1.4,1.4,1.4,1.4,1.4,1.4
Tajikistan,TJK,10.6,10.6,10.6,10.6,10.6,10.6,10.6,10.7,10.7,10.6,10.7,11,11.2,10.7,8.9,8.2,7.5,7.2,6.9,6.8,6.5,6.4,6.3,6.1,6,5.9,6.1,5.4,5.3,5.2,5.1,5,4.8,4.8,4.7,4.7,4.7,4.7,4.7,4.7,4.7,4.7,4.7
Tanzania,TZA,1.4,1.4,1.4,1.35,1.3,1.25,1.2,1.15,1.1,1.05,1,0.95,0.9,0.914285714,0.928571429,0.942857143,0.957142857,0.971428571,0.985714286,1,1.014285714,1.028571429,1.042857143,1.057142857,1.071428571,1.085714286,1.1,1,0.9,0.8,0.7,0.7,0.7,0.7,0.7,0.7,0.7,0.7,0.7,0.7,0.7,0.7,0.7
Thailand,THA,1.5,1.51,1.52,1.53,1.54,1.55,1.56,1.57,1.58,1.59,1.6,1.7,1.7,1.8,1.9,2,2.05,2.1,2.15,2.2,2.2,2.2,2.2,2.166666667,2.133333333,2.1,2.1,2.1,2.1,2.1,2.1,2.1,2.1,2.1,2.1,2.1,2.1,2.1,2.1,2.1,2.1,2.1,2.1
Timor-Leste,TLS,5.9,5.9,5.9,5.9,5.9,5.9,5.9,5.9,5.9,5.9,5.9,5.9,5.9,5.9,5.9,5.9,5.9,5.9,5.9,5.9,5.9,5.9,5.9,5.9,5.9,5.9,5.9,5.9,5.9,5.9,5.9,5.9,5.9,5.9,5.9,5.9,5.9,5.9,5.9,5.9,5.9,5.9,5.9
Togo,TGO,1.5,1.5,1.5,1.5,1.5,1.5,1.5,1.5,1.5,1.5,1.5,1.46,1.42,1.38,1.34,1.3,1.26,1.22,1.18,1.14,1.1,1.06,1.02,0.98,0.94,0.9,0.866666667,0.833333333,0.8,0.766666667,0.733333333,0.7,0.7,0.7,0.7,0.7,0.7,0.7,0.7,0.7,0.7,0.7,0.7
Tonga,TON,3.4,3.5,3.485,3.47,3.455,3.44,3.425,3.41,3.395,3.38,3.365,3.35,3.335,3.32,3.305,3.29,3.275,3.26,3.245,3.23,3.215,3.2,2.933333333,2.666666667,2.4,2.4,2.4,2.4,2.4,2.5,2.6,2.6,2.6,2.6,2.6,2.6,2.6,2.6,2.6,2.6,2.6,2.6,2.6
Trinidad and Tobago,TTO,5,5,5,5,5,5,5,4.75,4.5,4.25,4,3.733333333,3.466666667,3.2,3.5,3.8,5.1,4.65,4.2,3.75,3.3,3.4,3.35,3.3,2.95,2.6,2.7,2.7,2.5,2.6,2.1,2.4,2.7,2.7,3,3,3,3,3,3,3,3,3
Tunisia,TUN,2.1,2.088888889,2.077777778,2.066666667,2.055555556,2.044444444,2.033333333,2.022222222,2.011111111,2,1.9,2,2.9,2.35,1.8,1.9,2,1.7,1.7,1.7,1.7,1.7,1.7,1.7,2.1,1.8,2,1.8,2,2.1,2.1,2.1,2.1,2.1,2.2,2.2,2.2,2.2,2.2,2.2,2.2,2.2,2.2
Turkiye,TUR,2.2,2.18,2.16,2.14,2.12,2.1,2.1,2.1,2.1,2.1,2.4,2.4,2.4,2.5,2.5,2.5,2.5,2.5,2.5,2.6,2.1,2.2,2.5,2.5,2.5,2.5,2.5,2.5,2.6,2.6,2.7,2.6,2.7,2.7,2.7,2.7,2.8,2.8,2.9,2.9,2.9,2.9,2.9
Turkmenistan,TKM,10.5,10.54,10.58,10.62,10.66,10.7,11.1,11.1,11.1,11.2,11.5,11.6,11.4,11.7,11.5,10.3,8,7.1,6.533333333,5.966666667,5.4,5.1,5,5.1,4.9,4.4,4.3,4.1,4,4,4.1,4.1,4,3.9,4,4,4,4,4,4,4,4,4
Turks and Caicos Islands,TCA,0.88,0.88,0.88,0.88,0.88,0.88,0.88,0.88,0.88,0.88,0.88,0.88,0.88,0.88,0.88,0.88,0.88,0.88,0.88,0.88,0.88,0.88,0.88,0.88,0.88,0.88,0.88,0.88,0.88,0.88,0.88,0.88,0.88,0.88,0.88,0.88,0.88,0.88,0.88,0.88,0.88,0.88,0.88
Tuvalu,TUV,5.6,5.6,5.6,5.6,5.6,5.6,5.6,5.6,5.6,5.6,5.6,5.6,5.6,5.6,5.6,5.6,5.6,5.6,5.6,5.6,5.6,5.6,5.6,5.6,5.6,5.6,5.6,5.6,5.6,5.6,5.6,5.6,5.6,5.6,5.6,5.6,5.6,5.6,5.6,5.6,5.6,5.6,5.6
Uganda,UGA,1.5,1.5,1.471428571,1.442857143,1.414285714,1.385714286,1.357142857,1.328571429,1.3,1.166666667,1.033333333,0.9,0.884615385,0.869230769,0.853846154,0.838461538,0.823076923,0.807692308,0.792307692,0.776923077,0.761538462,0.746153846,0.730769231,0.715384615,0.7,1,1.1,0.866666667,0.633333333,0.4,0.5,0.5,0.5,0.5,0.5,0.5,0.5,0.5,0.5,0.5,0.5,0.5,0.5
Ukraine,UKR,12.1,12.3,12.4,12.4,12.6,12.7,12.8,12.9,12.9,13,13,13,12.7,12.5,12.3,11.9,10.8,9.4,9,8.9,8.8,8.8,8.9,8.8,8.7,8.7,8.7,8.7,8.8,9.4,9.4,9.1,8.9,8.8,7.5,7.5,7.5,7.5,7.5,7.5,7.5,7.5,7.5
United Arab Emirates,ARE,2.8,2.9,2.866666667,2.833333333,2.8,2.766666667,2.733333333,2.7,2.666666667,2.633333333,2.6,2.85,3.1,2.975,2.85,2.725,2.6,2.55,2.5,2.45,2.4,2.3,2.2,2.2,2.2,2.2,1.9,1.9,1.9,1.9,1.9,1.1,1.1,1.2,1.15,1.1,1.4,1.4,1.4,1.4,1.4,1.4,1.4
United Kingdom,GBR,8.1,7.96,7.82,7.68,7.54,7.4,7.1,6.8,6.5,6.2,5.9,5.6,5.4,5.1,4.8,4.8,4.6,4.6,4.4,4.2,4.1,4,4,4,3.9,3.7,3.5,3.4,3.3,3.3,2.9,2.9,2.8,2.8,2.7,2.6,2.6,2.5,2.5,2.5,2.5,2.5,2.5
United States,USA,6,5.9,5.9,5.8,5.7,5.5,5.4,5.2,5.1,5,4.9,4.8,4.6,4.5,4.3,4.1,3.9,3.8,3.7,3.6,3.5,3.5,3.4,3.3,3.3,3.2,3.2,3.1,3.1,3.1,3.1,3,2.9,2.9,2.8,2.8,2.8,2.9,2.9,2.9,2.9,2.9,2.9
Uruguay,URY,3.2,3.2,3.2,3.2,3.2,3.2,3.46,3.72,3.98,4.24,4.5,4.5,4.5,4.5,4.466666667,4.433333333,4.4,4.042857143,3.685714286,3.328571429,2.971428571,2.614285714,2.257142857,1.9,2.15,2.4,2.9,2.9,2.333333333,1.766666667,1.2,3,2.5,2.5,2.4,2.4,2.5,2.4,2.4,2.4,2.4,2.4,2.4
Uzbekistan,UZB,9.2,9.72,10.24,10.76,11.28,11.8,12,11.9,12.2,12.3,12.5,10.9,10.8,9.4,8.7,8.3,7.9,6.5,5.6,5.4,5.3,5.3,5.5,5.5,5.3,5.2,5.1,4.8,4.7,4.6,4.4,4.3,4.2,4,4,4,4,4,4,4,4,4,4
Vanuatu,VUT,6.2,6.052380952,5.904761905,5.757142857,5.60952381,5.461904762,5.314285714,5.166666667,5.019047619,4.871428571,4.723809524,4.576190476,4.428571429,4.280952381,4.133333333,3.985714286,3.838095238,3.69047619,3.542857143,3.395238095,3.247619048,3.1,3.4,3.7,3.9,4.1,3.3,2.5,1.7,1.7,1.7,1.7,1.7,1.7,1.7,1.7,1.7,1.7,1.7,1.7,1.7,1.7,1.7
"Venezuela, RB",VEN,0.3,0.35,0.4,0.4,0.4,2.7,2.7,2.6,2.5,2.6,2.7,2.7,2.6,2.6,2.233333333,1.866666667,1.5,1.36,1.22,1.08,0.94,0.8,0.85,0.9,1,1.1,1.2,1.3,1.2,1.1,1,0.9,0.866666667,0.833333333,0.8,0.7,0.9,0.9,0.9,0.9,0.9,0.9,0.9
Vietnam,VNM,3.5,3.7,3.65,3.6,3.55,3.5,3.45,3.4,3.35,3.3,3.8,3.5,3.2,2.9,2.6,2.3,2,1.7,1.9,2.1,2.3,2.4,1.4,2.1,2.8,2.3,2.7,2.8,2.9,3.1,2.9,2.7,2.5,3.2,2.6,2.6,2.6,2.6,2.6,2.6,2.6,2.6,2.6
Virgin Islands (U.S.),VIR,4.8,4.8,4.8,4.8,4.8,4.8,4.8,4.8,4.8,4.8,4.8,7.116666667,9.433333333,11.75,14.06666667,16.38333333,18.7,18.00869565,17.3173913,16.62608696,15.93478261,15.24347826,14.55217391,13.86086957,13.16956522,12.47826087,11.78695652,11.09565217,10.40434783,9.713043478,9.02173913,8.330434783,7.639130435,6.947826087,6.256521739,5.565217391,4.873913043,4.182608696,3.491304348,2.8,2.8,2.8,2.8
West Bank and Gaza,,1.2,1.2,1.2,1.2,1.2,1.2,1.2,1.2,1.2,1.2,1.2,1.2,1.2,1.2,1.2,1.2,1.2,1.191304348,1.182608696,1.173913043,1.165217391,1.156521739,1.147826087,1.139130435,1.130434783,1.12173913,1.113043478,1.104347826,1.095652174,1.086956522,1.07826087,1.069565217,1.060869565,1.052173913,1.043478261,1.034782609,1.026086957,1.017391304,1.008695652,1,1,1,1
"Yemen, Rep.",YEM,0.8,0.8,0.8,0.8,0.8,0.8,0.8,0.8,0.8,0.8,0.8,0.783333333,0.766666667,0.75,0.733333333,0.716666667,0.7,0.65,0.6,0.6,0.6,0.6,0.6,0.6,0.6,0.6,0.7,0.7,0.7,0.7,0.7,0.7,0.7,0.7,0.7,0.7,0.7,0.7,0.7,0.7,0.7,0.7,0.7
Zambia,ZMB,3.5,3.5,3.434782609,3.369565217,3.304347826,3.239130435,3.173913043,3.108695652,3.043478261,2.97826087,2.913043478,2.847826087,2.782608696,2.717391304,2.652173913,2.586956522,2.52173913,2.456521739,2.391304348,2.326086957,2.260869565,2.195652174,2.130434783,2.065217391,2,1.975,1.95,1.925,1.9,1.95,2,2,2,2,2,2,2,2,2,2,2,2,2
Zimbabwe,ZWE,3,2.68,2.36,2.04,1.72,1.4,1.65,1.9,1.433333333,0.966666667,0.5,0.65625,0.8125,0.96875,1.125,1.28125,1.4375,1.59375,1.75,1.90625,2.0625,2.21875,2.375,2.53125,2.6875,2.84375,3,2.74,2.48,2.22,1.96,1.7,1.7,1.7,1.7,1.7,1.7,1.7,1.7,1.7,1.7,1.7,1.7
